region,Country,emissions,type,segment,reason,baseYear,ISO 3166 Country Code,Latitude,Longitude
Africa,Algeria,257.6112061,Agriculture,Total,All,2019-2021,DZ,28,3
Africa,Algeria,0.052000001,Energy,Bioenergy,All,2022,DZ,28,3
Africa,Algeria,130.798996,Energy,Gas pipelines and LNG facilities,Fugitive,2022,DZ,28,3
Africa,Algeria,69.74189758,Energy,Gas pipelines and LNG facilities,Vented,2022,DZ,28,3
Africa,Algeria,213.9869995,Energy,Onshore gas,Fugitive,2022,DZ,28,3
Africa,Algeria,464.3080139,Energy,Onshore gas,Vented,2022,DZ,28,3
Africa,Algeria,469.7869873,Energy,Onshore oil,Flared,2022,DZ,28,3
Africa,Algeria,85.18720245,Energy,Onshore oil,Fugitive,2022,DZ,28,3
Africa,Algeria,1154.119995,Energy,Onshore oil,Vented,2022,DZ,28,3
Africa,Algeria,0.004,Energy,Other from coal,All,2022,DZ,28,3
Africa,Algeria,14.20855045,Energy,Other from oil and gas,All,2022,DZ,28,3
Africa,Algeria,67,Energy,Satellite-detected large oil and gas emissions,All,2022,DZ,28,3
Africa,Algeria,2669.19458,Energy,Total,All,2022,DZ,28,3
Africa,Algeria,6.475720882,Other,Total,All,2019-2021,DZ,28,3
Africa,Algeria,510.9656067,Waste,Total,All,2019-2021,DZ,28,3
Africa,Angola,400.969574,Agriculture,Total,All,2019-2021,AO,-12.5,18.5
Africa,Angola,57.34000015,Energy,Bioenergy,All,2022,AO,-12.5,18.5
Africa,Angola,2.59168005,Energy,Gas pipelines and LNG facilities,Fugitive,2022,AO,-12.5,18.5
Africa,Angola,1.381880045,Energy,Gas pipelines and LNG facilities,Vented,2022,AO,-12.5,18.5
Africa,Angola,47.64350128,Energy,Offshore oil,Flared,2022,AO,-12.5,18.5
Africa,Angola,29.42110062,Energy,Offshore oil,Fugitive,2022,AO,-12.5,18.5
Africa,Angola,398.6010132,Energy,Offshore oil,Vented,2022,AO,-12.5,18.5
Africa,Angola,3.962359905,Energy,Onshore gas,Fugitive,2022,AO,-12.5,18.5
Africa,Angola,8.597499847,Energy,Onshore gas,Vented,2022,AO,-12.5,18.5
Africa,Angola,0.955902994,Energy,Onshore oil,Flared,2022,AO,-12.5,18.5
Africa,Angola,1.131590009,Energy,Onshore oil,Fugitive,2022,AO,-12.5,18.5
Africa,Angola,15.33090019,Energy,Onshore oil,Vented,2022,AO,-12.5,18.5
Africa,Angola,1.775954008,Energy,Other from oil and gas,All,2022,AO,-12.5,18.5
Africa,Angola,568.7333374,Energy,Total,All,2022,AO,-12.5,18.5
Africa,Angola,81.70992279,Other,Total,All,2019-2021,AO,-12.5,18.5
Africa,Angola,151.4940491,Waste,Total,All,2019-2021,AO,-12.5,18.5
Africa,Benin,105.6910324,Agriculture,Total,All,2019-2021,BJ,9.5,2.25
Africa,Benin,24.61199951,Energy,Bioenergy,All,2022,BJ,9.5,2.25
Africa,Benin,0.098756,Energy,Gas pipelines and LNG facilities,Fugitive,2022,BJ,9.5,2.25
Africa,Benin,0.0526568,Energy,Gas pipelines and LNG facilities,Vented,2022,BJ,9.5,2.25
Africa,Benin,0.028000001,Energy,Other from coal,All,2022,BJ,9.5,2.25
Africa,Benin,1.837127447,Energy,Other from oil and gas,All,2022,BJ,9.5,2.25
Africa,Benin,26.62854004,Energy,Total,All,2022,BJ,9.5,2.25
Africa,Benin,43.2477417,Other,Total,All,2019-2021,BJ,9.5,2.25
Africa,Benin,42.10737228,Waste,Total,All,2019-2021,BJ,9.5,2.25
Africa,Botswana,97.25849152,Agriculture,Total,All,2019-2021,BW,-22,24
Africa,Botswana,5.407999992,Energy,Bioenergy,All,2022,BW,-22,24
Africa,Botswana,0.0144059,Energy,Onshore gas,Fugitive,2022,BW,-22,24
Africa,Botswana,0.031257901,Energy,Onshore gas,Vented,2022,BW,-22,24
Africa,Botswana,0.083999999,Energy,Other from coal,All,2022,BW,-22,24
Africa,Botswana,0.661558747,Energy,Other from oil and gas,All,2022,BW,-22,24
Africa,Botswana,6.199222565,Energy,Total,All,2022,BW,-22,24
Africa,Botswana,2.236912251,Other,Total,All,2019-2021,BW,-22,24
Africa,Botswana,843.4016724,Waste,Total,All,2019-2021,BW,-22,24
Africa,Cameroon,279.5312195,Agriculture,Total,All,2019-2021,CM,6,12
Africa,Cameroon,74.33999634,Energy,Bioenergy,All,2022,CM,6,12
Africa,Cameroon,1.912750006,Energy,Gas pipelines and LNG facilities,Fugitive,2022,CM,6,12
Africa,Cameroon,1.019880056,Energy,Gas pipelines and LNG facilities,Vented,2022,CM,6,12
Africa,Cameroon,4.4021101,Energy,Offshore gas,Fugitive,2022,CM,6,12
Africa,Cameroon,9.551659584,Energy,Offshore gas,Vented,2022,CM,6,12
Africa,Cameroon,49.95370102,Energy,Offshore oil,Flared,2022,CM,6,12
Africa,Cameroon,5.08397007,Energy,Offshore oil,Fugitive,2022,CM,6,12
Africa,Cameroon,68.87809753,Energy,Offshore oil,Vented,2022,CM,6,12
Africa,Cameroon,0.120641999,Energy,Onshore gas,Fugitive,2022,CM,6,12
Africa,Cameroon,0.261768997,Energy,Onshore gas,Vented,2022,CM,6,12
Africa,Cameroon,1.036188602,Energy,Other from oil and gas,All,2022,CM,6,12
Africa,Cameroon,216.5607758,Energy,Total,All,2022,CM,6,12
Africa,Cameroon,23.94275665,Other,Total,All,2019-2021,CM,6,12
Africa,Cameroon,194.5143738,Waste,Total,All,2019-2021,CM,6,12
Africa,Central African Republic,250.816803,Agriculture,Total,All,2019-2021,CF,7,21
Africa,Central African Republic,173.4691467,Other,Total,All,2019-2021,CF,7,21
Africa,Central African Republic,22.8563385,Waste,Total,All,2019-2021,CF,7,21
Africa,Chad,1223.932983,Agriculture,Total,All,2019-2021,TD,15,19
Africa,Chad,8.433979988,Energy,Onshore oil,Flared,2022,TD,15,19
Africa,Chad,2.954269886,Energy,Onshore oil,Fugitive,2022,TD,15,19
Africa,Chad,40.02470016,Energy,Onshore oil,Vented,2022,TD,15,19
Africa,Chad,0.004,Energy,Other from oil and gas,All,2022,TD,15,19
Africa,Chad,51.41695023,Energy,Total,All,2022,TD,15,19
Africa,Chad,13.20507813,Other,Total,All,2019-2021,TD,15,19
Africa,Chad,70.19759369,Waste,Total,All,2019-2021,TD,15,19
Africa,Congo,23.87096596,Agriculture,Total,All,2019-2021,CG,-1,15
Africa,Congo,15.68400002,Energy,Bioenergy,All,2022,CG,-1,15
Africa,Congo,2.018769979,Energy,Gas pipelines and LNG facilities,Fugitive,2022,CG,-1,15
Africa,Congo,1.076410055,Energy,Gas pipelines and LNG facilities,Vented,2022,CG,-1,15
Africa,Congo,0.37597999,Energy,Offshore gas,Fugitive,2022,CG,-1,15
Africa,Congo,0.815798998,Energy,Offshore gas,Vented,2022,CG,-1,15
Africa,Congo,49.39789963,Energy,Offshore oil,Flared,2022,CG,-1,15
Africa,Congo,12.04539967,Energy,Offshore oil,Fugitive,2022,CG,-1,15
Africa,Congo,163.1920013,Energy,Offshore oil,Vented,2022,CG,-1,15
Africa,Congo,0.606069028,Energy,Onshore gas,Fugitive,2022,CG,-1,15
Africa,Congo,1.315039992,Energy,Onshore gas,Vented,2022,CG,-1,15
Africa,Congo,3.497450113,Energy,Onshore oil,Flared,2022,CG,-1,15
Africa,Congo,0.991860986,Energy,Onshore oil,Fugitive,2022,CG,-1,15
Africa,Congo,13.43780041,Energy,Onshore oil,Vented,2022,CG,-1,15
Africa,Congo,0.312214941,Energy,Other from oil and gas,All,2022,CG,-1,15
Africa,Congo,264.7666931,Energy,Total,All,2022,CG,-1,15
Africa,Congo,11.99696445,Other,Total,All,2019-2021,CG,-1,15
Africa,Congo,30.08274269,Waste,Total,All,2019-2021,CG,-1,15
Africa,Cote d'Ivoire,185.7007751,Agriculture,Total,All,2019-2021,CI,8,-5
Africa,Cote d'Ivoire,53.80400085,Energy,Bioenergy,All,2022,CI,8,-5
Africa,Cote d'Ivoire,5.743710041,Energy,Gas pipelines and LNG facilities,Fugitive,2022,CI,8,-5
Africa,Cote d'Ivoire,3.062550068,Energy,Gas pipelines and LNG facilities,Vented,2022,CI,8,-5
Africa,Cote d'Ivoire,5.116020203,Energy,Offshore gas,Fugitive,2022,CI,8,-5
Africa,Cote d'Ivoire,11.10070038,Energy,Offshore gas,Vented,2022,CI,8,-5
Africa,Cote d'Ivoire,1.584079981,Energy,Offshore oil,Flared,2022,CI,8,-5
Africa,Cote d'Ivoire,0.803795993,Energy,Offshore oil,Fugitive,2022,CI,8,-5
Africa,Cote d'Ivoire,10.88990021,Energy,Offshore oil,Vented,2022,CI,8,-5
Africa,Cote d'Ivoire,1.291695714,Energy,Other from oil and gas,All,2022,CI,8,-5
Africa,Cote d'Ivoire,93.39645386,Energy,Total,All,2022,CI,8,-5
Africa,Cote d'Ivoire,28.76729774,Other,Total,All,2019-2021,CI,8,-5
Africa,Cote d'Ivoire,220.2355194,Waste,Total,All,2019-2021,CI,8,-5
Africa,Egypt,684.5322266,Agriculture,Total,All,2019-2021,EG,27,30
Africa,Egypt,15.49600029,Energy,Bioenergy,All,2022,EG,27,30
Africa,Egypt,127.5419998,Energy,Gas pipelines and LNG facilities,Fugitive,2022,EG,27,30
Africa,Egypt,68.00550079,Energy,Gas pipelines and LNG facilities,Vented,2022,EG,27,30
Africa,Egypt,74.68219757,Energy,Offshore gas,Fugitive,2022,EG,27,30
Africa,Egypt,162.0449982,Energy,Offshore gas,Vented,2022,EG,27,30
Africa,Egypt,30.22229958,Energy,Offshore oil,Flared,2022,EG,27,30
Africa,Egypt,4.78234005,Energy,Offshore oil,Fugitive,2022,EG,27,30
Africa,Egypt,64.79170227,Energy,Offshore oil,Vented,2022,EG,27,30
Africa,Egypt,18.87809944,Energy,Onshore gas,Fugitive,2022,EG,27,30
Africa,Egypt,40.96160126,Energy,Onshore gas,Vented,2022,EG,27,30
Africa,Egypt,93.07379913,Energy,Onshore oil,Flared,2022,EG,27,30
Africa,Egypt,16.44479942,Energy,Onshore oil,Fugitive,2022,EG,27,30
Africa,Egypt,222.7960052,Energy,Onshore oil,Vented,2022,EG,27,30
Africa,Egypt,0.495999992,Energy,Other from coal,All,2022,EG,27,30
Africa,Egypt,17.82505417,Energy,Other from oil and gas,All,2022,EG,27,30
Africa,Egypt,958.0424194,Energy,Total,All,2022,EG,27,30
Africa,Egypt,12.00313091,Other,Total,All,2019-2021,EG,27,30
Africa,Egypt,947.934082,Waste,Total,All,2019-2021,EG,27,30
Africa,Equatorial Guinea,0.438739002,Agriculture,Total,All,2019-2021,GQ,2,10
Africa,Equatorial Guinea,0.187999994,Energy,Bioenergy,All,2022,GQ,2,10
Africa,Equatorial Guinea,7.80095005,Energy,Gas pipelines and LNG facilities,Fugitive,2022,GQ,2,10
Africa,Equatorial Guinea,4.159470081,Energy,Gas pipelines and LNG facilities,Vented,2022,GQ,2,10
Africa,Equatorial Guinea,17.98489952,Energy,Offshore gas,Fugitive,2022,GQ,2,10
Africa,Equatorial Guinea,39.02349854,Energy,Offshore gas,Vented,2022,GQ,2,10
Africa,Equatorial Guinea,6.018089771,Energy,Offshore oil,Flared,2022,GQ,2,10
Africa,Equatorial Guinea,3.707159996,Energy,Offshore oil,Fugitive,2022,GQ,2,10
Africa,Equatorial Guinea,50.22489929,Energy,Offshore oil,Vented,2022,GQ,2,10
Africa,Equatorial Guinea,2.100460052,Energy,Onshore oil,Flared,2022,GQ,2,10
Africa,Equatorial Guinea,2.587779999,Energy,Onshore oil,Fugitive,2022,GQ,2,10
Africa,Equatorial Guinea,35.05950165,Energy,Onshore oil,Vented,2022,GQ,2,10
Africa,Equatorial Guinea,0.164000005,Energy,Other from oil and gas,All,2022,GQ,2,10
Africa,Equatorial Guinea,169.0187073,Energy,Total,All,2022,GQ,2,10
Africa,Equatorial Guinea,2.364912033,Other,Total,All,2019-2021,GQ,2,10
Africa,Equatorial Guinea,11.92251492,Waste,Total,All,2019-2021,GQ,2,10
Africa,Eritrea,120.1793518,Agriculture,Total,All,2019-2021,ER,15,39
Africa,Eritrea,5.883999825,Energy,Bioenergy,All,2022,ER,15,39
Africa,Eritrea,0.0529585,Energy,Other from oil and gas,All,2022,ER,15,39
Africa,Eritrea,5.936958313,Energy,Total,All,2022,ER,15,39
Africa,Eritrea,2.50686121,Other,Total,All,2019-2021,ER,15,39
Africa,Eritrea,24.03823662,Waste,Total,All,2019-2021,ER,15,39
Africa,Ethiopia,1910.089722,Agriculture,Total,All,2019-2021,ET,8,38
Africa,Ethiopia,462.3640137,Energy,Bioenergy,All,2022,ET,8,38
Africa,Ethiopia,0.200000003,Energy,Other from coal,All,2022,ET,8,38
Africa,Ethiopia,1.648756385,Energy,Other from oil and gas,All,2022,ET,8,38
Africa,Ethiopia,464.2127686,Energy,Total,All,2022,ET,8,38
Africa,Ethiopia,177.9381866,Other,Total,All,2019-2021,ET,8,38
Africa,Ethiopia,414.8589172,Waste,Total,All,2019-2021,ET,8,38
Africa,Gabon,5.590458393,Agriculture,Total,All,2019-2021,GA,-1,11.75
Africa,Gabon,17.06399918,Energy,Bioenergy,All,2022,GA,-1,11.75
Africa,Gabon,1.393970013,Energy,Gas pipelines and LNG facilities,Fugitive,2022,GA,-1,11.75
Africa,Gabon,0.743263006,Energy,Gas pipelines and LNG facilities,Vented,2022,GA,-1,11.75
Africa,Gabon,0.077268198,Energy,Offshore gas,Fugitive,2022,GA,-1,11.75
Africa,Gabon,0.167656004,Energy,Offshore gas,Vented,2022,GA,-1,11.75
Africa,Gabon,27.29000092,Energy,Offshore oil,Flared,2022,GA,-1,11.75
Africa,Gabon,5.724649906,Energy,Offshore oil,Fugitive,2022,GA,-1,11.75
Africa,Gabon,77.55809784,Energy,Offshore oil,Vented,2022,GA,-1,11.75
Africa,Gabon,0.819162011,Energy,Onshore gas,Fugitive,2022,GA,-1,11.75
Africa,Gabon,1.77741003,Energy,Onshore gas,Vented,2022,GA,-1,11.75
Africa,Gabon,28.56279945,Energy,Onshore oil,Flared,2022,GA,-1,11.75
Africa,Gabon,5.991630077,Energy,Onshore oil,Fugitive,2022,GA,-1,11.75
Africa,Gabon,81.17520142,Energy,Onshore oil,Vented,2022,GA,-1,11.75
Africa,Gabon,0.207463026,Energy,Other from oil and gas,All,2022,GA,-1,11.75
Africa,Gabon,248.5525665,Energy,Total,All,2022,GA,-1,11.75
Africa,Gabon,5.498744965,Other,Total,All,2019-2021,GA,-1,11.75
Africa,Gabon,21.20872307,Waste,Total,All,2019-2021,GA,-1,11.75
Africa,Gambia,29.56750679,Agriculture,Total,All,2019-2021,GM,13.47,-16.57
Africa,Gambia,3.931763887,Other,Total,All,2019-2021,GM,13.47,-16.57
Africa,Gambia,14.08841991,Waste,Total,All,2019-2021,GM,13.47,-16.57
Africa,Ghana,169.0322266,Agriculture,Total,All,2019-2021,GH,8,-2
Africa,Ghana,27.54800034,Energy,Bioenergy,All,2022,GH,8,-2
Africa,Ghana,2.662489891,Energy,Gas pipelines and LNG facilities,Fugitive,2022,GH,8,-2
Africa,Ghana,1.419639945,Energy,Gas pipelines and LNG facilities,Vented,2022,GH,8,-2
Africa,Ghana,2.998179913,Energy,Offshore gas,Fugitive,2022,GH,8,-2
Africa,Ghana,6.505420208,Energy,Offshore gas,Vented,2022,GH,8,-2
Africa,Ghana,16.48010063,Energy,Offshore oil,Flared,2022,GH,8,-2
Africa,Ghana,3.59649992,Energy,Offshore oil,Fugitive,2022,GH,8,-2
Africa,Ghana,48.72579956,Energy,Offshore oil,Vented,2022,GH,8,-2
Africa,Ghana,1.094009995,Energy,Onshore oil,Flared,2022,GH,8,-2
Africa,Ghana,0.477497011,Energy,Onshore oil,Fugitive,2022,GH,8,-2
Africa,Ghana,6.469170094,Energy,Onshore oil,Vented,2022,GH,8,-2
Africa,Ghana,2.759280682,Energy,Other from oil and gas,All,2022,GH,8,-2
Africa,Ghana,120.7360916,Energy,Total,All,2022,GH,8,-2
Africa,Ghana,26.98687363,Other,Total,All,2019-2021,GH,8,-2
Africa,Ghana,159.3824005,Waste,Total,All,2019-2021,GH,8,-2
Africa,Guinea,438.1594238,Agriculture,Total,All,2019-2021,GN,11,-10
Africa,Guinea,0.008,Energy,Other from oil and gas,All,2022,GN,11,-10
Africa,Guinea,0.008,Energy,Total,All,2022,GN,11,-10
Africa,Guinea,17.25143623,Other,Total,All,2019-2021,GN,11,-10
Africa,Guinea,68.93671417,Waste,Total,All,2019-2021,GN,11,-10
Africa,Guinea-Bissau,52.83677673,Agriculture,Total,All,2019-2021,GW,12,-15
Africa,Guinea-Bissau,26.17760277,Other,Total,All,2019-2021,GW,12,-15
Africa,Guinea-Bissau,8.758500099,Waste,Total,All,2019-2021,GW,12,-15
Africa,Kenya,1250.951904,Agriculture,Total,All,2019-2021,KE,1,38
Africa,Kenya,140.9600067,Energy,Bioenergy,All,2022,KE,1,38
Africa,Kenya,0.216000006,Energy,Other from coal,All,2022,KE,1,38
Africa,Kenya,2.6499753,Energy,Other from oil and gas,All,2022,KE,1,38
Africa,Kenya,143.8259735,Energy,Total,All,2022,KE,1,38
Africa,Kenya,34.40288162,Other,Total,All,2019-2021,KE,1,38
Africa,Kenya,180.6467133,Waste,Total,All,2019-2021,KE,1,38
Africa,Liberia,9.208291054,Agriculture,Total,All,2019-2021,LR,6.5,-9.5
Africa,Liberia,15.31690311,Other,Total,All,2019-2021,LR,6.5,-9.5
Africa,Liberia,19.3725605,Waste,Total,All,2019-2021,LR,6.5,-9.5
Africa,Morocco,295.3795166,Agriculture,Total,All,2019-2021,MA,32,-5
Africa,Morocco,14.22799969,Energy,Bioenergy,All,2022,MA,32,-5
Africa,Morocco,2.335920095,Energy,Gas pipelines and LNG facilities,Fugitive,2022,MA,32,-5
Africa,Morocco,1.245509982,Energy,Gas pipelines and LNG facilities,Vented,2022,MA,32,-5
Africa,Morocco,0.123581998,Energy,Onshore gas,Fugitive,2022,MA,32,-5
Africa,Morocco,0.268148005,Energy,Onshore gas,Vented,2022,MA,32,-5
Africa,Morocco,0.00126354,Energy,Onshore oil,Fugitive,2022,MA,32,-5
Africa,Morocco,0.017118599,Energy,Onshore oil,Vented,2022,MA,32,-5
Africa,Morocco,0.300000012,Energy,Other from coal,All,2022,MA,32,-5
Africa,Morocco,3.661930323,Energy,Other from oil and gas,All,2022,MA,32,-5
Africa,Morocco,22.18147278,Energy,Total,All,2022,MA,32,-5
Africa,Morocco,6.258478165,Other,Total,All,2019-2021,MA,32,-5
Africa,Morocco,405.1220398,Waste,Total,All,2019-2021,MA,32,-5
Africa,Mozambique,210.6539917,Agriculture,Total,All,2019-2021,MZ,-18.25,35
Africa,Mozambique,63.56399918,Energy,Bioenergy,All,2022,MZ,-18.25,35
Africa,Mozambique,60.53779984,Energy,Coking coal,All,2022,MZ,-18.25,35
Africa,Mozambique,2.407809973,Energy,Gas pipelines and LNG facilities,Fugitive,2022,MZ,-18.25,35
Africa,Mozambique,1.283839941,Energy,Gas pipelines and LNG facilities,Vented,2022,MZ,-18.25,35
Africa,Mozambique,1.595620036,Energy,Offshore gas,Fugitive,2022,MZ,-18.25,35
Africa,Mozambique,3.46216011,Energy,Offshore gas,Vented,2022,MZ,-18.25,35
Africa,Mozambique,10.58530045,Energy,Onshore gas,Fugitive,2022,MZ,-18.25,35
Africa,Mozambique,22.96780014,Energy,Onshore gas,Vented,2022,MZ,-18.25,35
Africa,Mozambique,0.0172954,Energy,Onshore oil,Fugitive,2022,MZ,-18.25,35
Africa,Mozambique,0.23432,Energy,Onshore oil,Vented,2022,MZ,-18.25,35
Africa,Mozambique,0.004,Energy,Other from coal,All,2022,MZ,-18.25,35
Africa,Mozambique,0.726256073,Energy,Other from oil and gas,All,2022,MZ,-18.25,35
Africa,Mozambique,59.96969986,Energy,Steam coal,All,2022,MZ,-18.25,35
Africa,Mozambique,227.355896,Energy,Total,All,2022,MZ,-18.25,35
Africa,Mozambique,106.0194778,Other,Total,All,2019-2021,MZ,-18.25,35
Africa,Mozambique,155.7392578,Waste,Total,All,2019-2021,MZ,-18.25,35
Africa,Namibia,181.987915,Agriculture,Total,All,2019-2021,NA,-22,17
Africa,Namibia,1.963999987,Energy,Bioenergy,All,2022,NA,-22,17
Africa,Namibia,0.667089164,Energy,Other from oil and gas,All,2022,NA,-22,17
Africa,Namibia,2.631089211,Energy,Total,All,2022,NA,-22,17
Africa,Namibia,1.329381227,Other,Total,All,2019-2021,NA,-22,17
Africa,Namibia,15.85923862,Waste,Total,All,2019-2021,NA,-22,17
Africa,Niger,696.4396362,Agriculture,Total,All,2019-2021,NE,16,8
Africa,Niger,34.10800171,Energy,Bioenergy,All,2022,NE,16,8
Africa,Niger,0.0476503,Energy,Onshore gas,Fugitive,2022,NE,16,8
Africa,Niger,0.103390999,Energy,Onshore gas,Vented,2022,NE,16,8
Africa,Niger,1.363659978,Energy,Onshore oil,Flared,2022,NE,16,8
Africa,Niger,0.336564004,Energy,Onshore oil,Fugitive,2022,NE,16,8
Africa,Niger,4.559800148,Energy,Onshore oil,Vented,2022,NE,16,8
Africa,Niger,0.004,Energy,Other from coal,All,2022,NE,16,8
Africa,Niger,0.344618022,Energy,Other from oil and gas,All,2022,NE,16,8
Africa,Niger,40.86768341,Energy,Total,All,2022,NE,16,8
Africa,Niger,10.04374313,Other,Total,All,2019-2021,NE,16,8
Africa,Niger,152.3050232,Waste,Total,All,2019-2021,NE,16,8
Africa,Nigeria,2082.188232,Agriculture,Total,All,2019-2021,NG,10,8
Africa,Nigeria,1331.744019,Energy,Bioenergy,All,2022,NG,10,8
Africa,Nigeria,77.07129669,Energy,Gas pipelines and LNG facilities,Fugitive,2022,NG,10,8
Africa,Nigeria,41.0945015,Energy,Gas pipelines and LNG facilities,Vented,2022,NG,10,8
Africa,Nigeria,29.76840019,Energy,Offshore gas,Fugitive,2022,NG,10,8
Africa,Nigeria,64.59130096,Energy,Offshore gas,Vented,2022,NG,10,8
Africa,Nigeria,203.0249939,Energy,Offshore oil,Flared,2022,NG,10,8
Africa,Nigeria,50.92860031,Energy,Offshore oil,Fugitive,2022,NG,10,8
Africa,Nigeria,689.9849854,Energy,Offshore oil,Vented,2022,NG,10,8
Africa,Nigeria,63.72259903,Energy,Onshore gas,Fugitive,2022,NG,10,8
Africa,Nigeria,138.2649994,Energy,Onshore gas,Vented,2022,NG,10,8
Africa,Nigeria,103.5130005,Energy,Onshore oil,Flared,2022,NG,10,8
Africa,Nigeria,33.83160019,Energy,Onshore oil,Fugitive,2022,NG,10,8
Africa,Nigeria,458.3529968,Energy,Onshore oil,Vented,2022,NG,10,8
Africa,Nigeria,0.012,Energy,Other from coal,All,2022,NG,10,8
Africa,Nigeria,20.16597176,Energy,Other from oil and gas,All,2022,NG,10,8
Africa,Nigeria,3306.071289,Energy,Total,All,2022,NG,10,8
Africa,Nigeria,347.1287842,Other,Total,All,2019-2021,NG,10,8
Africa,Nigeria,862.4360962,Waste,Total,All,2019-2021,NG,10,8
Africa,Senegal,261.5225525,Agriculture,Total,All,2019-2021,SN,14,-14
Africa,Senegal,12.05599976,Energy,Bioenergy,All,2022,SN,14,-14
Africa,Senegal,0.059959698,Energy,Gas pipelines and LNG facilities,Fugitive,2022,SN,14,-14
Africa,Senegal,0.031970602,Energy,Gas pipelines and LNG facilities,Vented,2022,SN,14,-14
Africa,Senegal,0.0263592,Energy,Onshore gas,Fugitive,2022,SN,14,-14
Africa,Senegal,0.057193901,Energy,Onshore gas,Vented,2022,SN,14,-14
Africa,Senegal,0.131999999,Energy,Other from coal,All,2022,SN,14,-14
Africa,Senegal,0.661393523,Energy,Other from oil and gas,All,2022,SN,14,-14
Africa,Senegal,13.02487659,Energy,Total,All,2022,SN,14,-14
Africa,Senegal,4.177417755,Other,Total,All,2019-2021,SN,14,-14
Africa,Senegal,101.4332275,Waste,Total,All,2019-2021,SN,14,-14
Africa,Seychelles,0.078720711,Agriculture,Total,All,2019-2021,SC,-4.58,55.67
Africa,Seychelles,0.051872037,Other,Total,All,2019-2021,SC,-4.58,55.67
Africa,Seychelles,2.491305351,Waste,Total,All,2019-2021,SC,-4.58,55.67
Africa,Sierra Leone,86.26763916,Agriculture,Total,All,2019-2021,SL,8.5,-11.5
Africa,Sierra Leone,9.578605652,Other,Total,All,2019-2021,SL,8.5,-11.5
Africa,Sierra Leone,49.99830627,Waste,Total,All,2019-2021,SL,8.5,-11.5
Africa,Somalia,625.7147827,Agriculture,Total,All,2019-2021,SO,10,49
Africa,Somalia,29.50799942,Energy,Bioenergy,All,2022,SO,10,49
Africa,Somalia,29.50799942,Energy,Total,All,2022,SO,10,49
Africa,Somalia,23.82088089,Other,Total,All,2019-2021,SO,10,49
Africa,Somalia,108.4111557,Waste,Total,All,2019-2021,SO,10,49
Africa,South Africa,760.3227539,Agriculture,Total,All,2019-2021,ZA,-29,24
Africa,South Africa,40.56800079,Energy,Bioenergy,All,2022,ZA,-29,24
Africa,South Africa,27.75239944,Energy,Coking coal,All,2022,ZA,-29,24
Africa,South Africa,8.120079994,Energy,Gas pipelines and LNG facilities,Fugitive,2022,ZA,-29,24
Africa,South Africa,4.329629898,Energy,Gas pipelines and LNG facilities,Vented,2022,ZA,-29,24
Africa,South Africa,0.955578983,Energy,Offshore gas,Fugitive,2022,ZA,-29,24
Africa,South Africa,2.073410034,Energy,Offshore gas,Vented,2022,ZA,-29,24
Africa,South Africa,0.047096901,Energy,Offshore oil,Flared,2022,ZA,-29,24
Africa,South Africa,0.028733199,Energy,Offshore oil,Fugitive,2022,ZA,-29,24
Africa,South Africa,0.389279991,Energy,Offshore oil,Vented,2022,ZA,-29,24
Africa,South Africa,0.0410394,Energy,Onshore gas,Fugitive,2022,ZA,-29,24
Africa,South Africa,0.089046903,Energy,Onshore gas,Vented,2022,ZA,-29,24
Africa,South Africa,0.037846498,Energy,Onshore oil,Flared,2022,ZA,-29,24
Africa,South Africa,2.790009975,Energy,Onshore oil,Fugitive,2022,ZA,-29,24
Africa,South Africa,37.79940033,Energy,Onshore oil,Vented,2022,ZA,-29,24
Africa,South Africa,42.82400131,Energy,Other from coal,All,2022,ZA,-29,24
Africa,South Africa,10.87412262,Energy,Other from oil and gas,All,2022,ZA,-29,24
Africa,South Africa,1060.310059,Energy,Steam coal,All,2022,ZA,-29,24
Africa,South Africa,1239.029663,Energy,Total,All,2022,ZA,-29,24
Africa,South Africa,42.40746307,Other,Total,All,2019-2021,ZA,-29,24
Africa,South Africa,834.2140503,Waste,Total,All,2019-2021,ZA,-29,24
Africa,Sudan,1549.11084,Agriculture,Total,All,2019-2021,SD,15,30
Africa,Sudan,77.20800018,Energy,Bioenergy,All,2022,SD,15,30
Africa,Sudan,17.53249931,Energy,Onshore oil,Flared,2022,SD,15,30
Africa,Sudan,3.136189938,Energy,Onshore oil,Fugitive,2022,SD,15,30
Africa,Sudan,42.48939896,Energy,Onshore oil,Vented,2022,SD,15,30
Africa,Sudan,2.699739218,Energy,Other from oil and gas,All,2022,SD,15,30
Africa,Sudan,143.0658264,Energy,Total,All,2022,SD,15,30
Africa,Sudan,36.83176422,Other,Total,All,2019-2021,SD,15,30
Africa,Sudan,233.2135925,Waste,Total,All,2019-2021,SD,15,30
Africa,Togo,50.73590851,Agriculture,Total,All,2019-2021,TG,8,1.17
Africa,Togo,18.75600052,Energy,Bioenergy,All,2022,TG,8,1.17
Africa,Togo,0.102075003,Energy,Gas pipelines and LNG facilities,Fugitive,2022,TG,8,1.17
Africa,Togo,0.054426599,Energy,Gas pipelines and LNG facilities,Vented,2022,TG,8,1.17
Africa,Togo,0.313089132,Energy,Other from oil and gas,All,2022,TG,8,1.17
Africa,Togo,19.22559166,Energy,Total,All,2022,TG,8,1.17
Africa,Togo,9.780653,Other,Total,All,2019-2021,TG,8,1.17
Africa,Togo,37.90462112,Waste,Total,All,2019-2021,TG,8,1.17
Africa,Tunisia,97.72246552,Agriculture,Total,All,2019-2021,TN,34,9
Africa,Tunisia,10.12800026,Energy,Bioenergy,All,2022,TN,34,9
Africa,Tunisia,12.04129982,Energy,Gas pipelines and LNG facilities,Fugitive,2022,TN,34,9
Africa,Tunisia,6.42042017,Energy,Gas pipelines and LNG facilities,Vented,2022,TN,34,9
Africa,Tunisia,1.03797996,Energy,Offshore gas,Fugitive,2022,TN,34,9
Africa,Tunisia,2.252209902,Energy,Offshore gas,Vented,2022,TN,34,9
Africa,Tunisia,5.638070107,Energy,Offshore oil,Flared,2022,TN,34,9
Africa,Tunisia,0.580698013,Energy,Offshore oil,Fugitive,2022,TN,34,9
Africa,Tunisia,7.867350101,Energy,Offshore oil,Vented,2022,TN,34,9
Africa,Tunisia,1.811100006,Energy,Onshore gas,Fugitive,2022,TN,34,9
Africa,Tunisia,3.929709911,Energy,Onshore gas,Vented,2022,TN,34,9
Africa,Tunisia,9.01237011,Energy,Onshore oil,Flared,2022,TN,34,9
Africa,Tunisia,0.99436003,Energy,Onshore oil,Fugitive,2022,TN,34,9
Africa,Tunisia,13.47169971,Energy,Onshore oil,Vented,2022,TN,34,9
Africa,Tunisia,2.048957348,Energy,Other from oil and gas,All,2022,TN,34,9
Africa,Tunisia,77.23422241,Energy,Total,All,2022,TN,34,9
Africa,Tunisia,4.220635891,Other,Total,All,2019-2021,TN,34,9
Africa,Tunisia,108.2469711,Waste,Total,All,2019-2021,TN,34,9
Asia Pacific,Australia,2450.463135,Agriculture,Total,All,2019-2021,AU,-27,133
Asia Pacific,Australia,17.76799965,Energy,Bioenergy,All,2022,AU,-27,133
Asia Pacific,Australia,888.1339722,Energy,Coking coal,All,2022,AU,-27,133
Asia Pacific,Australia,40.4966011,Energy,Gas pipelines and LNG facilities,Fugitive,2022,AU,-27,133
Asia Pacific,Australia,21.59280014,Energy,Gas pipelines and LNG facilities,Vented,2022,AU,-27,133
Asia Pacific,Australia,70.10890198,Energy,Offshore gas,Fugitive,2022,AU,-27,133
Asia Pacific,Australia,152.121994,Energy,Offshore gas,Vented,2022,AU,-27,133
Asia Pacific,Australia,9.667490005,Energy,Offshore oil,Flared,2022,AU,-27,133
Asia Pacific,Australia,1.188140035,Energy,Offshore oil,Fugitive,2022,AU,-27,133
Asia Pacific,Australia,16.0970993,Energy,Offshore oil,Vented,2022,AU,-27,133
Asia Pacific,Australia,45.12340164,Energy,Onshore gas,Fugitive,2022,AU,-27,133
Asia Pacific,Australia,97.90830231,Energy,Onshore gas,Vented,2022,AU,-27,133
Asia Pacific,Australia,13.96809959,Energy,Onshore oil,Flared,2022,AU,-27,133
Asia Pacific,Australia,3.109220028,Energy,Onshore oil,Fugitive,2022,AU,-27,133
Asia Pacific,Australia,42.12409973,Energy,Onshore oil,Vented,2022,AU,-27,133
Asia Pacific,Australia,7.862440109,Energy,Other from coal,All,2022,AU,-27,133
Asia Pacific,Australia,24.18429184,Energy,Other from oil and gas,All,2022,AU,-27,133
Asia Pacific,Australia,3.299999952,Energy,Satellite-detected large oil and gas emissions,All,2022,AU,-27,133
Asia Pacific,Australia,777.4840088,Energy,Steam coal,All,2022,AU,-27,133
Asia Pacific,Australia,2232.23877,Energy,Total,All,2022,AU,-27,133
Asia Pacific,Australia,241.8041534,Other,Total,All,2019-2021,AU,-27,133
Asia Pacific,Australia,619.0491333,Waste,Total,All,2019-2021,AU,-27,133
Asia Pacific,Bangladesh,2410.234375,Agriculture,Total,All,2019-2021,BD,24,90
Asia Pacific,Bangladesh,98.3239975,Energy,Bioenergy,All,2022,BD,24,90
Asia Pacific,Bangladesh,64.60040283,Energy,Gas pipelines and LNG facilities,Fugitive,2022,BD,24,90
Asia Pacific,Bangladesh,34.44499969,Energy,Gas pipelines and LNG facilities,Vented,2022,BD,24,90
Asia Pacific,Bangladesh,39.71450043,Energy,Onshore gas,Fugitive,2022,BD,24,90
Asia Pacific,Bangladesh,86.17220306,Energy,Onshore gas,Vented,2022,BD,24,90
Asia Pacific,Bangladesh,0.541419029,Energy,Onshore oil,Flared,2022,BD,24,90
Asia Pacific,Bangladesh,0.187525004,Energy,Onshore oil,Fugitive,2022,BD,24,90
Asia Pacific,Bangladesh,2.540600061,Energy,Onshore oil,Vented,2022,BD,24,90
Asia Pacific,Bangladesh,0.712000012,Energy,Other from coal,All,2022,BD,24,90
Asia Pacific,Bangladesh,7.098189354,Energy,Other from oil and gas,All,2022,BD,24,90
Asia Pacific,Bangladesh,334.3358459,Energy,Total,All,2022,BD,24,90
Asia Pacific,Bangladesh,54.36891174,Other,Total,All,2019-2021,BD,24,90
Asia Pacific,Bangladesh,825.3022461,Waste,Total,All,2019-2021,BD,24,90
Asia Pacific,China,18501.91406,Agriculture,Total,All,2019-2021,CN,35,105
Asia Pacific,China,984.2000122,Energy,Bioenergy,All,2022,CN,35,105
Asia Pacific,China,5418.77002,Energy,Coking coal,All,2022,CN,35,105
Asia Pacific,China,552.1199951,Energy,Gas pipelines and LNG facilities,Fugitive,2022,CN,35,105
Asia Pacific,China,294.3909912,Energy,Gas pipelines and LNG facilities,Vented,2022,CN,35,105
Asia Pacific,China,16.91110039,Energy,Offshore gas,Fugitive,2022,CN,35,105
Asia Pacific,China,36.69369888,Energy,Offshore gas,Vented,2022,CN,35,105
Asia Pacific,China,15.84280014,Energy,Offshore oil,Flared,2022,CN,35,105
Asia Pacific,China,18.1970005,Energy,Offshore oil,Fugitive,2022,CN,35,105
Asia Pacific,China,246.5350037,Energy,Offshore oil,Vented,2022,CN,35,105
Asia Pacific,China,254.276001,Energy,Onshore gas,Fugitive,2022,CN,35,105
Asia Pacific,China,551.7260132,Energy,Onshore gas,Vented,2022,CN,35,105
Asia Pacific,China,52.60400009,Energy,Onshore oil,Flared,2022,CN,35,105
Asia Pacific,China,64.79519653,Energy,Onshore oil,Fugitive,2022,CN,35,105
Asia Pacific,China,877.8510132,Energy,Onshore oil,Vented,2022,CN,35,105
Asia Pacific,China,801.6087646,Energy,Other from coal,All,2022,CN,35,105
Asia Pacific,China,376.7006836,Energy,Other from oil and gas,All,2022,CN,35,105
Asia Pacific,China,14809,Energy,Steam coal,All,2022,CN,35,105
Asia Pacific,China,25372.22266,Energy,Total,All,2022,CN,35,105
Asia Pacific,China,1377.870972,Other,Total,All,2019-2021,CN,35,105
Asia Pacific,China,10424.1416,Waste,Total,All,2019-2021,CN,35,105
Asia Pacific,India,18358.51758,Agriculture,Total,All,2019-2021,IN,20,77
Asia Pacific,India,1378.843994,Energy,Bioenergy,All,2022,IN,20,77
Asia Pacific,India,89.01860046,Energy,Coking coal,All,2022,IN,20,77
Asia Pacific,India,191.9250031,Energy,Gas pipelines and LNG facilities,Fugitive,2022,IN,20,77
Asia Pacific,India,102.3339996,Energy,Gas pipelines and LNG facilities,Vented,2022,IN,20,77
Asia Pacific,India,43.62739944,Energy,Offshore gas,Fugitive,2022,IN,20,77
Asia Pacific,India,94.66230011,Energy,Offshore gas,Vented,2022,IN,20,77
Asia Pacific,India,36.68199921,Energy,Offshore oil,Flared,2022,IN,20,77
Asia Pacific,India,12.71580029,Energy,Offshore oil,Fugitive,2022,IN,20,77
Asia Pacific,India,172.2749939,Energy,Offshore oil,Vented,2022,IN,20,77
Asia Pacific,India,15.40970039,Energy,Onshore gas,Fugitive,2022,IN,20,77
Asia Pacific,India,33.43579865,Energy,Onshore gas,Vented,2022,IN,20,77
Asia Pacific,India,35.81230164,Energy,Onshore oil,Flared,2022,IN,20,77
Asia Pacific,India,14.34739971,Energy,Onshore oil,Fugitive,2022,IN,20,77
Asia Pacific,India,194.3800049,Energy,Onshore oil,Vented,2022,IN,20,77
Asia Pacific,India,103.2058563,Energy,Other from coal,All,2022,IN,20,77
Asia Pacific,India,88.38098907,Energy,Other from oil and gas,All,2022,IN,20,77
Asia Pacific,India,11.30000019,Energy,Satellite-detected large oil and gas emissions,All,2022,IN,20,77
Asia Pacific,India,2566.879883,Energy,Steam coal,All,2022,IN,20,77
Asia Pacific,India,5185.236328,Energy,Total,All,2022,IN,20,77
Asia Pacific,India,571.2567139,Other,Total,All,2019-2021,IN,20,77
Asia Pacific,India,5551.760742,Waste,Total,All,2019-2021,IN,20,77
Asia Pacific,Indonesia,3518.344482,Agriculture,Total,All,2019-2021,ID,-5,120
Asia Pacific,Indonesia,185.1759949,Energy,Bioenergy,All,2022,ID,-5,120
Asia Pacific,Indonesia,112.9150009,Energy,Coking coal,All,2022,ID,-5,120
Asia Pacific,Indonesia,113.2180023,Energy,Gas pipelines and LNG facilities,Fugitive,2022,ID,-5,120
Asia Pacific,Indonesia,60.36790085,Energy,Gas pipelines and LNG facilities,Vented,2022,ID,-5,120
Asia Pacific,Indonesia,62.73059845,Energy,Offshore gas,Fugitive,2022,ID,-5,120
Asia Pacific,Indonesia,136.1119995,Energy,Offshore gas,Vented,2022,ID,-5,120
Asia Pacific,Indonesia,8.883480072,Energy,Offshore oil,Flared,2022,ID,-5,120
Asia Pacific,Indonesia,3.320489883,Energy,Offshore oil,Fugitive,2022,ID,-5,120
Asia Pacific,Indonesia,44.98630142,Energy,Offshore oil,Vented,2022,ID,-5,120
Asia Pacific,Indonesia,45.64720154,Energy,Onshore gas,Fugitive,2022,ID,-5,120
Asia Pacific,Indonesia,99.04489899,Energy,Onshore gas,Vented,2022,ID,-5,120
Asia Pacific,Indonesia,49.85810089,Energy,Onshore oil,Flared,2022,ID,-5,120
Asia Pacific,Indonesia,20.07150078,Energy,Onshore oil,Fugitive,2022,ID,-5,120
Asia Pacific,Indonesia,271.9309998,Energy,Onshore oil,Vented,2022,ID,-5,120
Asia Pacific,Indonesia,10.44799995,Energy,Other from coal,All,2022,ID,-5,120
Asia Pacific,Indonesia,42.63877869,Energy,Other from oil and gas,All,2022,ID,-5,120
Asia Pacific,Indonesia,3813.02002,Energy,Steam coal,All,2022,ID,-5,120
Asia Pacific,Indonesia,5080.369141,Energy,Total,All,2022,ID,-5,120
Asia Pacific,Indonesia,1156.447632,Other,Total,All,2019-2021,ID,-5,120
Asia Pacific,Indonesia,4568.938477,Waste,Total,All,2019-2021,ID,-5,120
Asia Pacific,Japan,991.649353,Agriculture,Total,All,2019-2021,JP,36,138
Asia Pacific,Japan,29.62000084,Energy,Bioenergy,All,2022,JP,36,138
Asia Pacific,Japan,101.4899979,Energy,Gas pipelines and LNG facilities,Fugitive,2022,JP,36,138
Asia Pacific,Japan,54.11439896,Energy,Gas pipelines and LNG facilities,Vented,2022,JP,36,138
Asia Pacific,Japan,0.130932003,Energy,Offshore gas,Fugitive,2022,JP,36,138
Asia Pacific,Japan,0.284094006,Energy,Offshore gas,Vented,2022,JP,36,138
Asia Pacific,Japan,0.0101673,Energy,Offshore oil,Fugitive,2022,JP,36,138
Asia Pacific,Japan,0.137748003,Energy,Offshore oil,Vented,2022,JP,36,138
Asia Pacific,Japan,3.255800009,Energy,Onshore gas,Fugitive,2022,JP,36,138
Asia Pacific,Japan,7.06441021,Energy,Onshore gas,Vented,2022,JP,36,138
Asia Pacific,Japan,0.120027997,Energy,Onshore oil,Fugitive,2022,JP,36,138
Asia Pacific,Japan,1.626150012,Energy,Onshore oil,Vented,2022,JP,36,138
Asia Pacific,Japan,7.624000072,Energy,Other from coal,All,2022,JP,36,138
Asia Pacific,Japan,74.20514679,Energy,Other from oil and gas,All,2022,JP,36,138
Asia Pacific,Japan,3.617460012,Energy,Steam coal,All,2022,JP,36,138
Asia Pacific,Japan,283.3003235,Energy,Total,All,2022,JP,36,138
Asia Pacific,Japan,21.91791725,Other,Total,All,2019-2021,JP,36,138
Asia Pacific,Japan,243.3014526,Waste,Total,All,2019-2021,JP,36,138
Asia Pacific,Malaysia,189.0501709,Agriculture,Total,All,2019-2021,MY,2.5,112.5
Asia Pacific,Malaysia,1.003999949,Energy,Bioenergy,All,2022,MY,2.5,112.5
Asia Pacific,Malaysia,47.99269867,Energy,Gas pipelines and LNG facilities,Fugitive,2022,MY,2.5,112.5
Asia Pacific,Malaysia,25.5897007,Energy,Gas pipelines and LNG facilities,Vented,2022,MY,2.5,112.5
Asia Pacific,Malaysia,59.07709885,Energy,Offshore gas,Fugitive,2022,MY,2.5,112.5
Asia Pacific,Malaysia,128.1849976,Energy,Offshore gas,Vented,2022,MY,2.5,112.5
Asia Pacific,Malaysia,44.00009918,Energy,Offshore oil,Flared,2022,MY,2.5,112.5
Asia Pacific,Malaysia,7.019599915,Energy,Offshore oil,Fugitive,2022,MY,2.5,112.5
Asia Pacific,Malaysia,95.10230255,Energy,Offshore oil,Vented,2022,MY,2.5,112.5
Asia Pacific,Malaysia,7.753620148,Energy,Onshore oil,Flared,2022,MY,2.5,112.5
Asia Pacific,Malaysia,2.49770999,Energy,Onshore oil,Fugitive,2022,MY,2.5,112.5
Asia Pacific,Malaysia,33.83919907,Energy,Onshore oil,Vented,2022,MY,2.5,112.5
Asia Pacific,Malaysia,1.583999991,Energy,Other from coal,All,2022,MY,2.5,112.5
Asia Pacific,Malaysia,20.37604332,Energy,Other from oil and gas,All,2022,MY,2.5,112.5
Asia Pacific,Malaysia,474.0210876,Energy,Total,All,2022,MY,2.5,112.5
Asia Pacific,Malaysia,27.70655441,Other,Total,All,2019-2021,MY,2.5,112.5
Asia Pacific,Malaysia,893.911438,Waste,Total,All,2019-2021,MY,2.5,112.5
Asia Pacific,Mongolia,549.242981,Agriculture,Total,All,2019-2021,MN,46,105
Asia Pacific,Mongolia,1.116000056,Energy,Bioenergy,All,2022,MN,46,105
Asia Pacific,Mongolia,157.6560059,Energy,Coking coal,All,2022,MN,46,105
Asia Pacific,Mongolia,10.60299015,Energy,Other from coal,All,2022,MN,46,105
Asia Pacific,Mongolia,0.931999981,Energy,Other from oil and gas,All,2022,MN,46,105
Asia Pacific,Mongolia,46.54520035,Energy,Steam coal,All,2022,MN,46,105
Asia Pacific,Mongolia,216.8521881,Energy,Total,All,2022,MN,46,105
Asia Pacific,Mongolia,6.77065897,Other,Total,All,2019-2021,MN,46,105
Asia Pacific,Mongolia,16.66093636,Waste,Total,All,2019-2021,MN,46,105
Asia Pacific,New Zealand,1155.99939,Agriculture,Total,All,2019-2021,NZ,-41,174
Asia Pacific,New Zealand,3.503999949,Energy,Bioenergy,All,2022,NZ,-41,174
Asia Pacific,New Zealand,4.801380157,Energy,Coking coal,All,2022,NZ,-41,174
Asia Pacific,New Zealand,5.275710106,Energy,Gas pipelines and LNG facilities,Fugitive,2022,NZ,-41,174
Asia Pacific,New Zealand,2.813009977,Energy,Gas pipelines and LNG facilities,Vented,2022,NZ,-41,174
Asia Pacific,New Zealand,2.365989923,Energy,Offshore gas,Fugitive,2022,NZ,-41,174
Asia Pacific,New Zealand,5.133709908,Energy,Offshore gas,Vented,2022,NZ,-41,174
Asia Pacific,New Zealand,0.062883899,Energy,Offshore oil,Flared,2022,NZ,-41,174
Asia Pacific,New Zealand,0.0644328,Energy,Offshore oil,Fugitive,2022,NZ,-41,174
Asia Pacific,New Zealand,0.872941971,Energy,Offshore oil,Vented,2022,NZ,-41,174
Asia Pacific,New Zealand,1.158669949,Energy,Onshore gas,Fugitive,2022,NZ,-41,174
Asia Pacific,New Zealand,2.514080048,Energy,Onshore gas,Vented,2022,NZ,-41,174
Asia Pacific,New Zealand,0.093766198,Energy,Onshore oil,Flared,2022,NZ,-41,174
Asia Pacific,New Zealand,0.170243993,Energy,Onshore oil,Fugitive,2022,NZ,-41,174
Asia Pacific,New Zealand,2.306489944,Energy,Onshore oil,Vented,2022,NZ,-41,174
Asia Pacific,New Zealand,1.267116189,Energy,Other from coal,All,2022,NZ,-41,174
Asia Pacific,New Zealand,4.211545944,Energy,Other from oil and gas,All,2022,NZ,-41,174
Asia Pacific,New Zealand,0.718169987,Energy,Steam coal,All,2022,NZ,-41,174
Asia Pacific,New Zealand,37.33414078,Energy,Total,All,2022,NZ,-41,174
Asia Pacific,New Zealand,8.055159569,Other,Total,All,2019-2021,NZ,-41,174
Asia Pacific,New Zealand,165.2618866,Waste,Total,All,2019-2021,NZ,-41,174
Asia Pacific,Pakistan,5319.456055,Agriculture,Total,All,2019-2021,PK,30,70
Asia Pacific,Pakistan,413.5599976,Energy,Bioenergy,All,2022,PK,30,70
Asia Pacific,Pakistan,124.1309967,Energy,Gas pipelines and LNG facilities,Fugitive,2022,PK,30,70
Asia Pacific,Pakistan,66.18669891,Energy,Gas pipelines and LNG facilities,Vented,2022,PK,30,70
Asia Pacific,Pakistan,68.3219986,Energy,Onshore gas,Fugitive,2022,PK,30,70
Asia Pacific,Pakistan,148.2449951,Energy,Onshore gas,Vented,2022,PK,30,70
Asia Pacific,Pakistan,12.83520031,Energy,Onshore oil,Flared,2022,PK,30,70
Asia Pacific,Pakistan,4.192679882,Energy,Onshore oil,Fugitive,2022,PK,30,70
Asia Pacific,Pakistan,56.80289841,Energy,Onshore oil,Vented,2022,PK,30,70
Asia Pacific,Pakistan,3.184000015,Energy,Other from coal,All,2022,PK,30,70
Asia Pacific,Pakistan,19.53989983,Energy,Other from oil and gas,All,2022,PK,30,70
Asia Pacific,Pakistan,3.400000095,Energy,Satellite-detected large oil and gas emissions,All,2022,PK,30,70
Asia Pacific,Pakistan,920.399353,Energy,Total,All,2022,PK,30,70
Asia Pacific,Pakistan,156.0366821,Other,Total,All,2019-2021,PK,30,70
Asia Pacific,Pakistan,854.3361206,Waste,Total,All,2019-2021,PK,30,70
Asia Pacific,Philippines,1714.848877,Agriculture,Total,All,2019-2021,PH,13,122
Asia Pacific,Philippines,73.87999725,Energy,Bioenergy,All,2022,PH,13,122
Asia Pacific,Philippines,6.856989861,Energy,Gas pipelines and LNG facilities,Fugitive,2022,PH,13,122
Asia Pacific,Philippines,3.656150103,Energy,Gas pipelines and LNG facilities,Vented,2022,PH,13,122
Asia Pacific,Philippines,4.89136982,Energy,Offshore gas,Fugitive,2022,PH,13,122
Asia Pacific,Philippines,10.61330032,Energy,Offshore gas,Vented,2022,PH,13,122
Asia Pacific,Philippines,0.087097503,Energy,Offshore oil,Flared,2022,PH,13,122
Asia Pacific,Philippines,0.039599601,Energy,Offshore oil,Fugitive,2022,PH,13,122
Asia Pacific,Philippines,0.536499977,Energy,Offshore oil,Vented,2022,PH,13,122
Asia Pacific,Philippines,0.439119011,Energy,Onshore oil,Flared,2022,PH,13,122
Asia Pacific,Philippines,0.394347996,Energy,Onshore oil,Fugitive,2022,PH,13,122
Asia Pacific,Philippines,5.342669964,Energy,Onshore oil,Vented,2022,PH,13,122
Asia Pacific,Philippines,1.284000039,Energy,Other from coal,All,2022,PH,13,122
Asia Pacific,Philippines,8.413165092,Energy,Other from oil and gas,All,2022,PH,13,122
Asia Pacific,Philippines,116.4343109,Energy,Total,All,2022,PH,13,122
Asia Pacific,Philippines,52.23356628,Other,Total,All,2019-2021,PH,13,122
Asia Pacific,Philippines,649.7924805,Waste,Total,All,2019-2021,PH,13,122
Asia Pacific,Thailand,2078.933838,Agriculture,Total,All,2019-2021,TH,15,100
Asia Pacific,Thailand,52.02000046,Energy,Bioenergy,All,2022,TH,15,100
Asia Pacific,Thailand,119.2990036,Energy,Gas pipelines and LNG facilities,Fugitive,2022,TH,15,100
Asia Pacific,Thailand,63.61019897,Energy,Gas pipelines and LNG facilities,Vented,2022,TH,15,100
Asia Pacific,Thailand,39.90739822,Energy,Offshore gas,Fugitive,2022,TH,15,100
Asia Pacific,Thailand,86.59079742,Energy,Offshore gas,Vented,2022,TH,15,100
Asia Pacific,Thailand,3.351210117,Energy,Offshore oil,Flared,2022,TH,15,100
Asia Pacific,Thailand,1.732089996,Energy,Offshore oil,Fugitive,2022,TH,15,100
Asia Pacific,Thailand,23.46649933,Energy,Offshore oil,Vented,2022,TH,15,100
Asia Pacific,Thailand,2.113739967,Energy,Onshore gas,Fugitive,2022,TH,15,100
Asia Pacific,Thailand,4.586369991,Energy,Onshore gas,Vented,2022,TH,15,100
Asia Pacific,Thailand,7.769750118,Energy,Onshore oil,Flared,2022,TH,15,100
Asia Pacific,Thailand,6.972569942,Energy,Onshore oil,Fugitive,2022,TH,15,100
Asia Pacific,Thailand,94.46499634,Energy,Onshore oil,Vented,2022,TH,15,100
Asia Pacific,Thailand,3.907999992,Energy,Other from coal,All,2022,TH,15,100
Asia Pacific,Thailand,25.45604897,Energy,Other from oil and gas,All,2022,TH,15,100
Asia Pacific,Thailand,535.2486572,Energy,Total,All,2022,TH,15,100
Asia Pacific,Thailand,56.79174042,Other,Total,All,2019-2021,TH,15,100
Asia Pacific,Thailand,703.9661255,Waste,Total,All,2019-2021,TH,15,100
Asia Pacific,Vietnam,2193.262695,Agriculture,Total,All,2019-2021,VN,16,106
Asia Pacific,Vietnam,35.84000015,Energy,Bioenergy,All,2022,VN,16,106
Asia Pacific,Vietnam,15.09599972,Energy,Other from coal,All,2022,VN,16,106
Asia Pacific,Vietnam,9.99600029,Energy,Other from oil and gas,All,2022,VN,16,106
Asia Pacific,Vietnam,60.93199921,Energy,Total,All,2022,VN,16,106
Asia Pacific,Vietnam,34.76865387,Other,Total,All,2019-2021,VN,16,106
Asia Pacific,Vietnam,783.7750244,Waste,Total,All,2019-2021,VN,16,106
Central and South America,Argentina,3152.932617,Agriculture,Total,All,2019-2021,AR,-34,-64
Central and South America,Argentina,7.06799984,Energy,Bioenergy,All,2022,AR,-34,-64
Central and South America,Argentina,116.4029999,Energy,Gas pipelines and LNG facilities,Fugitive,2022,AR,-34,-64
Central and South America,Argentina,62.06639862,Energy,Gas pipelines and LNG facilities,Vented,2022,AR,-34,-64
Central and South America,Argentina,11.39500046,Energy,Offshore gas,Fugitive,2022,AR,-34,-64
Central and South America,Argentina,24.72489929,Energy,Offshore gas,Vented,2022,AR,-34,-64
Central and South America,Argentina,0.289297998,Energy,Offshore oil,Flared,2022,AR,-34,-64
Central and South America,Argentina,0.112797998,Energy,Offshore oil,Fugitive,2022,AR,-34,-64
Central and South America,Argentina,1.52820003,Energy,Offshore oil,Vented,2022,AR,-34,-64
Central and South America,Argentina,129.5200043,Energy,Onshore gas,Fugitive,2022,AR,-34,-64
Central and South America,Argentina,281.0320129,Energy,Onshore gas,Vented,2022,AR,-34,-64
Central and South America,Argentina,108.0429993,Energy,Onshore oil,Flared,2022,AR,-34,-64
Central and South America,Argentina,35.35549927,Energy,Onshore oil,Fugitive,2022,AR,-34,-64
Central and South America,Argentina,479,Energy,Onshore oil,Vented,2022,AR,-34,-64
Central and South America,Argentina,0.059999999,Energy,Other from coal,All,2022,AR,-34,-64
Central and South America,Argentina,23.19548416,Energy,Other from oil and gas,All,2022,AR,-34,-64
Central and South America,Argentina,27.29999924,Energy,Satellite-detected large oil and gas emissions,All,2022,AR,-34,-64
Central and South America,Argentina,1307.093628,Energy,Total,All,2022,AR,-34,-64
Central and South America,Argentina,85.40563965,Other,Total,All,2019-2021,AR,-34,-64
Central and South America,Argentina,705.7312622,Waste,Total,All,2019-2021,AR,-34,-64
Central and South America,Bolivia,673.7541504,Agriculture,Total,All,2019-2021,BO,-17,-65
Central and South America,Bolivia,2.15199995,Energy,Bioenergy,All,2022,BO,-17,-65
Central and South America,Bolivia,10.98250008,Energy,Gas pipelines and LNG facilities,Fugitive,2022,BO,-17,-65
Central and South America,Bolivia,5.855899811,Energy,Gas pipelines and LNG facilities,Vented,2022,BO,-17,-65
Central and South America,Bolivia,26.05279922,Energy,Onshore gas,Fugitive,2022,BO,-17,-65
Central and South America,Bolivia,56.52909851,Energy,Onshore gas,Vented,2022,BO,-17,-65
Central and South America,Bolivia,1.741840005,Energy,Onshore oil,Flared,2022,BO,-17,-65
Central and South America,Bolivia,1.429530025,Energy,Onshore oil,Fugitive,2022,BO,-17,-65
Central and South America,Bolivia,19.36739922,Energy,Onshore oil,Vented,2022,BO,-17,-65
Central and South America,Bolivia,0.004,Energy,Other from coal,All,2022,BO,-17,-65
Central and South America,Bolivia,3.981514454,Energy,Other from oil and gas,All,2022,BO,-17,-65
Central and South America,Bolivia,128.0965881,Energy,Total,All,2022,BO,-17,-65
Central and South America,Bolivia,146.3830414,Other,Total,All,2019-2021,BO,-17,-65
Central and South America,Bolivia,87.08856201,Waste,Total,All,2019-2021,BO,-17,-65
Central and South America,Brazil,14020.08887,Agriculture,Total,All,2019-2021,BR,-10,-55
Central and South America,Brazil,244.1799927,Energy,Bioenergy,All,2022,BR,-10,-55
Central and South America,Brazil,112.8280029,Energy,Gas pipelines and LNG facilities,Fugitive,2022,BR,-10,-55
Central and South America,Brazil,60.15999985,Energy,Gas pipelines and LNG facilities,Vented,2022,BR,-10,-55
Central and South America,Brazil,34.76699829,Energy,Offshore gas,Fugitive,2022,BR,-10,-55
Central and South America,Brazil,75.43710327,Energy,Offshore gas,Vented,2022,BR,-10,-55
Central and South America,Brazil,33.56959915,Energy,Offshore oil,Flared,2022,BR,-10,-55
Central and South America,Brazil,68.62200165,Energy,Offshore oil,Fugitive,2022,BR,-10,-55
Central and South America,Brazil,929.697998,Energy,Offshore oil,Vented,2022,BR,-10,-55
Central and South America,Brazil,6.868589878,Energy,Onshore gas,Fugitive,2022,BR,-10,-55
Central and South America,Brazil,14.90340042,Energy,Onshore gas,Vented,2022,BR,-10,-55
Central and South America,Brazil,2.924030066,Energy,Onshore oil,Flared,2022,BR,-10,-55
Central and South America,Brazil,6.964920044,Energy,Onshore oil,Fugitive,2022,BR,-10,-55
Central and South America,Brazil,94.3615036,Energy,Onshore oil,Vented,2022,BR,-10,-55
Central and South America,Brazil,2.926365852,Energy,Other from coal,All,2022,BR,-10,-55
Central and South America,Brazil,55.15477753,Energy,Other from oil and gas,All,2022,BR,-10,-55
Central and South America,Brazil,13.13010025,Energy,Steam coal,All,2022,BR,-10,-55
Central and South America,Brazil,1756.495361,Energy,Total,All,2022,BR,-10,-55
Central and South America,Brazil,387.7013855,Other,Total,All,2019-2021,BR,-10,-55
Central and South America,Brazil,3800.057129,Waste,Total,All,2019-2021,BR,-10,-55
Central and South America,Colombia,1795.903198,Agriculture,Total,All,2019-2021,CO,4,-72
Central and South America,Colombia,42.11999893,Energy,Bioenergy,All,2022,CO,4,-72
Central and South America,Colombia,25.47529984,Energy,Coking coal,All,2022,CO,4,-72
Central and South America,Colombia,20.60720062,Energy,Gas pipelines and LNG facilities,Fugitive,2022,CO,4,-72
Central and South America,Colombia,10.98779964,Energy,Gas pipelines and LNG facilities,Vented,2022,CO,4,-72
Central and South America,Colombia,1.987349987,Energy,Offshore gas,Fugitive,2022,CO,4,-72
Central and South America,Colombia,4.312139988,Energy,Offshore gas,Vented,2022,CO,4,-72
Central and South America,Colombia,15.18519974,Energy,Onshore gas,Fugitive,2022,CO,4,-72
Central and South America,Colombia,32.94869995,Energy,Onshore gas,Vented,2022,CO,4,-72
Central and South America,Colombia,15.71339989,Energy,Onshore oil,Flared,2022,CO,4,-72
Central and South America,Colombia,16.52219963,Energy,Onshore oil,Fugitive,2022,CO,4,-72
Central and South America,Colombia,223.8450012,Energy,Onshore oil,Vented,2022,CO,4,-72
Central and South America,Colombia,1.008000016,Energy,Other from coal,All,2022,CO,4,-72
Central and South America,Colombia,9.723006248,Energy,Other from oil and gas,All,2022,CO,4,-72
Central and South America,Colombia,357.7260132,Energy,Steam coal,All,2022,CO,4,-72
Central and South America,Colombia,778.1613159,Energy,Total,All,2022,CO,4,-72
Central and South America,Colombia,17.21392632,Other,Total,All,2019-2021,CO,4,-72
Central and South America,Colombia,643.7293091,Waste,Total,All,2019-2021,CO,4,-72
Central and South America,Cuba,267.4549255,Agriculture,Total,All,2019-2021,CU,21.5,-80
Central and South America,Cuba,2.563999891,Energy,Bioenergy,All,2022,CU,21.5,-80
Central and South America,Cuba,2.105560064,Energy,Gas pipelines and LNG facilities,Fugitive,2022,CU,21.5,-80
Central and South America,Cuba,1.122689962,Energy,Gas pipelines and LNG facilities,Vented,2022,CU,21.5,-80
Central and South America,Cuba,0.037155401,Energy,Offshore oil,Flared,2022,CU,21.5,-80
Central and South America,Cuba,0.161456004,Energy,Offshore oil,Fugitive,2022,CU,21.5,-80
Central and South America,Cuba,2.187419891,Energy,Offshore oil,Vented,2022,CU,21.5,-80
Central and South America,Cuba,1.121819973,Energy,Onshore gas,Fugitive,2022,CU,21.5,-80
Central and South America,Cuba,2.434109926,Energy,Onshore gas,Vented,2022,CU,21.5,-80
Central and South America,Cuba,0.113169,Energy,Onshore oil,Flared,2022,CU,21.5,-80
Central and South America,Cuba,0.520560026,Energy,Onshore oil,Fugitive,2022,CU,21.5,-80
Central and South America,Cuba,7.052599907,Energy,Onshore oil,Vented,2022,CU,21.5,-80
Central and South America,Cuba,1.644550562,Energy,Other from oil and gas,All,2022,CU,21.5,-80
Central and South America,Cuba,21.06509018,Energy,Total,All,2022,CU,21.5,-80
Central and South America,Cuba,2.341588259,Other,Total,All,2019-2021,CU,21.5,-80
Central and South America,Cuba,160.3751678,Waste,Total,All,2019-2021,CU,21.5,-80
Central and South America,Ecuador,359.8713684,Agriculture,Total,All,2019-2021,EC,-2,-77.5
Central and South America,Ecuador,2.640000105,Energy,Bioenergy,All,2022,EC,-2,-77.5
Central and South America,Ecuador,1.24052,Energy,Gas pipelines and LNG facilities,Fugitive,2022,EC,-2,-77.5
Central and South America,Ecuador,0.661444008,Energy,Gas pipelines and LNG facilities,Vented,2022,EC,-2,-77.5
Central and South America,Ecuador,0.688250005,Energy,Offshore gas,Fugitive,2022,EC,-2,-77.5
Central and South America,Ecuador,1.493360043,Energy,Offshore gas,Vented,2022,EC,-2,-77.5
Central and South America,Ecuador,0.089255303,Energy,Onshore gas,Fugitive,2022,EC,-2,-77.5
Central and South America,Ecuador,0.193664998,Energy,Onshore gas,Vented,2022,EC,-2,-77.5
Central and South America,Ecuador,33.08760071,Energy,Onshore oil,Flared,2022,EC,-2,-77.5
Central and South America,Ecuador,15.96049976,Energy,Onshore oil,Fugitive,2022,EC,-2,-77.5
Central and South America,Ecuador,216.2350006,Energy,Onshore oil,Vented,2022,EC,-2,-77.5
Central and South America,Ecuador,4.809664726,Energy,Other from oil and gas,All,2022,EC,-2,-77.5
Central and South America,Ecuador,277.0992737,Energy,Total,All,2022,EC,-2,-77.5
Central and South America,Ecuador,3.937007189,Other,Total,All,2019-2021,EC,-2,-77.5
Central and South America,Ecuador,235.4030609,Waste,Total,All,2019-2021,EC,-2,-77.5
Central and South America,Guyana,57.39715576,Agriculture,Total,All,2019-2021,GY,5,-59
Central and South America,Guyana,0.34799999,Energy,Bioenergy,All,2022,GY,5,-59
Central and South America,Guyana,0.894802988,Energy,Offshore oil,Flared,2022,GY,5,-59
Central and South America,Guyana,3.161030054,Energy,Offshore oil,Fugitive,2022,GY,5,-59
Central and South America,Guyana,42.82590103,Energy,Offshore oil,Vented,2022,GY,5,-59
Central and South America,Guyana,0.340000004,Energy,Other from oil and gas,All,2022,GY,5,-59
Central and South America,Guyana,47.56973267,Energy,Total,All,2022,GY,5,-59
Central and South America,Guyana,1.915329933,Other,Total,All,2019-2021,GY,5,-59
Central and South America,Guyana,8.314965248,Waste,Total,All,2019-2021,GY,5,-59
Central and South America,Paraguay,835.0689087,Agriculture,Total,All,2019-2021,PY,-23,-58
Central and South America,Paraguay,15.16800022,Energy,Bioenergy,All,2022,PY,-23,-58
Central and South America,Paraguay,1.180090904,Energy,Other from oil and gas,All,2022,PY,-23,-58
Central and South America,Paraguay,16.34809113,Energy,Total,All,2022,PY,-23,-58
Central and South America,Paraguay,13.04007912,Other,Total,All,2019-2021,PY,-23,-58
Central and South America,Paraguay,115.2610397,Waste,Total,All,2019-2021,PY,-23,-58
Central and South America,Peru,639.6949463,Agriculture,Total,All,2019-2021,PE,-10,-76
Central and South America,Peru,29.6439991,Energy,Bioenergy,All,2022,PE,-10,-76
Central and South America,Peru,11.3973999,Energy,Gas pipelines and LNG facilities,Fugitive,2022,PE,-10,-76
Central and South America,Peru,6.077129841,Energy,Gas pipelines and LNG facilities,Vented,2022,PE,-10,-76
Central and South America,Peru,0.0343794,Energy,Offshore gas,Fugitive,2022,PE,-10,-76
Central and South America,Peru,0.0745961,Energy,Offshore gas,Vented,2022,PE,-10,-76
Central and South America,Peru,0.193562001,Energy,Offshore oil,Flared,2022,PE,-10,-76
Central and South America,Peru,0.104740001,Energy,Offshore oil,Fugitive,2022,PE,-10,-76
Central and South America,Peru,1.419029951,Energy,Offshore oil,Vented,2022,PE,-10,-76
Central and South America,Peru,13.90250015,Energy,Onshore gas,Fugitive,2022,PE,-10,-76
Central and South America,Peru,30.16550064,Energy,Onshore gas,Vented,2022,PE,-10,-76
Central and South America,Peru,2.510400057,Energy,Onshore oil,Flared,2022,PE,-10,-76
Central and South America,Peru,1.985710025,Energy,Onshore oil,Fugitive,2022,PE,-10,-76
Central and South America,Peru,26.90270042,Energy,Onshore oil,Vented,2022,PE,-10,-76
Central and South America,Peru,0.148000002,Energy,Other from coal,All,2022,PE,-10,-76
Central and South America,Peru,7.15099144,Energy,Other from oil and gas,All,2022,PE,-10,-76
Central and South America,Peru,131.7106323,Energy,Total,All,2022,PE,-10,-76
Central and South America,Peru,50.46360016,Other,Total,All,2019-2021,PE,-10,-76
Central and South America,Peru,355.0774536,Waste,Total,All,2019-2021,PE,-10,-76
Central and South America,Trinidad and Tobago,4.345527649,Agriculture,Total,All,2019-2021,TT,11,-61
Central and South America,Trinidad and Tobago,0.131999999,Energy,Bioenergy,All,2022,TT,11,-61
Central and South America,Trinidad and Tobago,25.76670074,Energy,Gas pipelines and LNG facilities,Fugitive,2022,TT,11,-61
Central and South America,Trinidad and Tobago,13.73880005,Energy,Gas pipelines and LNG facilities,Vented,2022,TT,11,-61
Central and South America,Trinidad and Tobago,38.73130035,Energy,Offshore gas,Fugitive,2022,TT,11,-61
Central and South America,Trinidad and Tobago,84.03890228,Energy,Offshore gas,Vented,2022,TT,11,-61
Central and South America,Trinidad and Tobago,7.275650024,Energy,Offshore oil,Flared,2022,TT,11,-61
Central and South America,Trinidad and Tobago,1.146399975,Energy,Offshore oil,Fugitive,2022,TT,11,-61
Central and South America,Trinidad and Tobago,15.5316,Energy,Offshore oil,Vented,2022,TT,11,-61
Central and South America,Trinidad and Tobago,1.416239977,Energy,Onshore gas,Fugitive,2022,TT,11,-61
Central and South America,Trinidad and Tobago,3.072940111,Energy,Onshore gas,Vented,2022,TT,11,-61
Central and South America,Trinidad and Tobago,4.033599854,Energy,Onshore oil,Flared,2022,TT,11,-61
Central and South America,Trinidad and Tobago,0.922086,Energy,Onshore oil,Fugitive,2022,TT,11,-61
Central and South America,Trinidad and Tobago,12.49250031,Energy,Onshore oil,Vented,2022,TT,11,-61
Central and South America,Trinidad and Tobago,0.921281993,Energy,Other from oil and gas,All,2022,TT,11,-61
Central and South America,Trinidad and Tobago,209.2200012,Energy,Total,All,2022,TT,11,-61
Central and South America,Trinidad and Tobago,5.858375072,Other,Total,All,2019-2021,TT,11,-61
Central and South America,Trinidad and Tobago,62.29243469,Waste,Total,All,2019-2021,TT,11,-61
Central and South America,Uruguay,751.9459229,Agriculture,Total,All,2019-2021,UY,-33,-56
Central and South America,Uruguay,6.484000206,Energy,Bioenergy,All,2022,UY,-33,-56
Central and South America,Uruguay,0.073061801,Energy,Gas pipelines and LNG facilities,Fugitive,2022,UY,-33,-56
Central and South America,Uruguay,0.038956601,Energy,Gas pipelines and LNG facilities,Vented,2022,UY,-33,-56
Central and South America,Uruguay,1.003405929,Energy,Other from oil and gas,All,2022,UY,-33,-56
Central and South America,Uruguay,7.599424362,Energy,Total,All,2022,UY,-33,-56
Central and South America,Uruguay,3.511459112,Other,Total,All,2019-2021,UY,-33,-56
Central and South America,Uruguay,138.2672729,Waste,Total,All,2019-2021,UY,-33,-56
Central and South America,Venezuela,1015.064087,Agriculture,Total,All,2019-2021,VE,8,-66
Central and South America,Venezuela,1.712000012,Energy,Bioenergy,All,2022,VE,8,-66
Central and South America,Venezuela,89.91120148,Energy,Gas pipelines and LNG facilities,Fugitive,2022,VE,8,-66
Central and South America,Venezuela,47.94070053,Energy,Gas pipelines and LNG facilities,Vented,2022,VE,8,-66
Central and South America,Venezuela,15.0866003,Energy,Offshore gas,Fugitive,2022,VE,8,-66
Central and South America,Venezuela,32.73490143,Energy,Offshore gas,Vented,2022,VE,8,-66
Central and South America,Venezuela,69.81860352,Energy,Offshore oil,Flared,2022,VE,8,-66
Central and South America,Venezuela,7.645170212,Energy,Offshore oil,Fugitive,2022,VE,8,-66
Central and South America,Venezuela,103.5780029,Energy,Offshore oil,Vented,2022,VE,8,-66
Central and South America,Venezuela,43.00730133,Energy,Onshore gas,Fugitive,2022,VE,8,-66
Central and South America,Venezuela,93.31690216,Energy,Onshore gas,Vented,2022,VE,8,-66
Central and South America,Venezuela,516.6900024,Energy,Onshore oil,Flared,2022,VE,8,-66
Central and South America,Venezuela,110.637001,Energy,Onshore oil,Fugitive,2022,VE,8,-66
Central and South America,Venezuela,1498.920044,Energy,Onshore oil,Vented,2022,VE,8,-66
Central and South America,Venezuela,0.02,Energy,Other from coal,All,2022,VE,8,-66
Central and South America,Venezuela,11.28501797,Energy,Other from oil and gas,All,2022,VE,8,-66
Central and South America,Venezuela,0.400187999,Energy,Steam coal,All,2022,VE,8,-66
Central and South America,Venezuela,2642.703613,Energy,Total,All,2022,VE,8,-66
Central and South America,Venezuela,10.82026005,Other,Total,All,2019-2021,VE,8,-66
Central and South America,Venezuela,379.9532776,Waste,Total,All,2019-2021,VE,8,-66
Europe,Denmark,240.0936127,Agriculture,Total,All,2019-2021,DK,56,10
Europe,Denmark,18.73600006,Energy,Bioenergy,All,2022,DK,56,10
Europe,Denmark,2.726219893,Energy,Gas pipelines and LNG facilities,Fugitive,2022,DK,56,10
Europe,Denmark,1.453619957,Energy,Gas pipelines and LNG facilities,Vented,2022,DK,56,10
Europe,Denmark,0.902011991,Energy,Offshore gas,Fugitive,2022,DK,56,10
Europe,Denmark,1.957180023,Energy,Offshore gas,Vented,2022,DK,56,10
Europe,Denmark,1.064829946,Energy,Offshore oil,Flared,2022,DK,56,10
Europe,Denmark,0.797982991,Energy,Offshore oil,Fugitive,2022,DK,56,10
Europe,Denmark,10.81120014,Energy,Offshore oil,Vented,2022,DK,56,10
Europe,Denmark,0.156000003,Energy,Other from coal,All,2022,DK,56,10
Europe,Denmark,2.91078949,Energy,Other from oil and gas,All,2022,DK,56,10
Europe,Denmark,41.51583481,Energy,Total,All,2022,DK,56,10
Europe,Denmark,5.73504591,Other,Total,All,2019-2021,DK,56,10
Europe,Denmark,40.26875687,Waste,Total,All,2019-2021,DK,56,10
Europe,Estonia,27.72345734,Agriculture,Total,All,2019-2021,EE,59,26
Europe,Estonia,7.492000103,Energy,Bioenergy,All,2022,EE,59,26
Europe,Estonia,0.457305014,Energy,Gas pipelines and LNG facilities,Fugitive,2022,EE,59,26
Europe,Estonia,0.243835002,Energy,Gas pipelines and LNG facilities,Vented,2022,EE,59,26
Europe,Estonia,0.189509004,Energy,Onshore oil,Fugitive,2022,EE,59,26
Europe,Estonia,2.567490101,Energy,Onshore oil,Vented,2022,EE,59,26
Europe,Estonia,0.071999997,Energy,Other from coal,All,2022,EE,59,26
Europe,Estonia,0.6021052,Energy,Other from oil and gas,All,2022,EE,59,26
Europe,Estonia,11.62424469,Energy,Total,All,2022,EE,59,26
Europe,Estonia,2.181041002,Other,Total,All,2019-2021,EE,59,26
Europe,Estonia,37.32962418,Waste,Total,All,2019-2021,EE,59,26
Europe,France,1564.221802,Agriculture,Total,All,2019-2021,FR,46,2
Europe,France,101.4919968,Energy,Bioenergy,All,2022,FR,46,2
Europe,France,40.82229996,Energy,Gas pipelines and LNG facilities,Fugitive,2022,FR,46,2
Europe,France,21.76650047,Energy,Gas pipelines and LNG facilities,Vented,2022,FR,46,2
Europe,France,0.044234399,Energy,Onshore gas,Fugitive,2022,FR,46,2
Europe,France,0.095979497,Energy,Onshore gas,Vented,2022,FR,46,2
Europe,France,0.067203797,Energy,Onshore oil,Flared,2022,FR,46,2
Europe,France,0.223030001,Energy,Onshore oil,Fugitive,2022,FR,46,2
Europe,France,3.021630049,Energy,Onshore oil,Vented,2022,FR,46,2
Europe,France,1.059999943,Energy,Other from coal,All,2022,FR,46,2
Europe,France,25.00359344,Energy,Other from oil and gas,All,2022,FR,46,2
Europe,France,193.5964661,Energy,Total,All,2022,FR,46,2
Europe,France,39.94035721,Other,Total,All,2019-2021,FR,46,2
Europe,France,630.8741455,Waste,Total,All,2019-2021,FR,46,2
Europe,Germany,1269.368652,Agriculture,Total,All,2019-2021,DE,51,9
Europe,Germany,114.1360016,Energy,Bioenergy,All,2022,DE,51,9
Europe,Germany,0.086830497,Energy,Coking coal,All,2022,DE,51,9
Europe,Germany,84.29160309,Energy,Gas pipelines and LNG facilities,Fugitive,2022,DE,51,9
Europe,Germany,44.94440079,Energy,Gas pipelines and LNG facilities,Vented,2022,DE,51,9
Europe,Germany,0.0107698,Energy,Offshore gas,Fugitive,2022,DE,51,9
Europe,Germany,0.0233682,Energy,Offshore gas,Vented,2022,DE,51,9
Europe,Germany,0.318466008,Energy,Offshore oil,Fugitive,2022,DE,51,9
Europe,Germany,4.314610004,Energy,Offshore oil,Vented,2022,DE,51,9
Europe,Germany,5.684599876,Energy,Onshore gas,Fugitive,2022,DE,51,9
Europe,Germany,12.33440018,Energy,Onshore gas,Vented,2022,DE,51,9
Europe,Germany,0.251691014,Energy,Onshore oil,Fugitive,2022,DE,51,9
Europe,Germany,3.409929991,Energy,Onshore oil,Vented,2022,DE,51,9
Europe,Germany,39.32740021,Energy,Other from coal,All,2022,DE,51,9
Europe,Germany,43.88136292,Energy,Other from oil and gas,All,2022,DE,51,9
Europe,Germany,0.0782919,Energy,Steam coal,All,2022,DE,51,9
Europe,Germany,353.0937195,Energy,Total,All,2022,DE,51,9
Europe,Germany,67.88993073,Other,Total,All,2019-2021,DE,51,9
Europe,Germany,605.1366577,Waste,Total,All,2019-2021,DE,51,9
Europe,Israel,39.84008789,Agriculture,Total,All,2019-2021,IL,31.5,34.75
Europe,Israel,0.231999993,Energy,Bioenergy,All,2022,IL,31.5,34.75
Europe,Israel,9.157409668,Energy,Gas pipelines and LNG facilities,Fugitive,2022,IL,31.5,34.75
Europe,Israel,4.882740021,Energy,Gas pipelines and LNG facilities,Vented,2022,IL,31.5,34.75
Europe,Israel,7.401080132,Energy,Offshore gas,Fugitive,2022,IL,31.5,34.75
Europe,Israel,16.05879974,Energy,Offshore gas,Vented,2022,IL,31.5,34.75
Europe,Israel,0.159999996,Energy,Other from coal,All,2022,IL,31.5,34.75
Europe,Israel,5.316966534,Energy,Other from oil and gas,All,2022,IL,31.5,34.75
Europe,Israel,43.20899582,Energy,Total,All,2022,IL,31.5,34.75
Europe,Israel,0.670694709,Other,Total,All,2019-2021,IL,31.5,34.75
Europe,Israel,282.4595642,Waste,Total,All,2019-2021,IL,31.5,34.75
Europe,Italy,800.0471191,Agriculture,Total,All,2019-2021,IT,42.83,12.83
Europe,Italy,85.55999756,Energy,Bioenergy,All,2022,IT,42.83,12.83
Europe,Italy,92.07659912,Energy,Gas pipelines and LNG facilities,Fugitive,2022,IT,42.83,12.83
Europe,Italy,49.09529877,Energy,Gas pipelines and LNG facilities,Vented,2022,IT,42.83,12.83
Europe,Italy,1.507429957,Energy,Offshore gas,Fugitive,2022,IT,42.83,12.83
Europe,Italy,3.270809889,Energy,Offshore gas,Vented,2022,IT,42.83,12.83
Europe,Italy,0.111759998,Energy,Offshore oil,Fugitive,2022,IT,42.83,12.83
Europe,Italy,1.51414001,Energy,Offshore oil,Vented,2022,IT,42.83,12.83
Europe,Italy,1.475399971,Energy,Onshore gas,Fugitive,2022,IT,42.83,12.83
Europe,Italy,3.201319933,Energy,Onshore gas,Vented,2022,IT,42.83,12.83
Europe,Italy,1.196760058,Energy,Onshore oil,Fugitive,2022,IT,42.83,12.83
Europe,Italy,16.21389961,Energy,Onshore oil,Vented,2022,IT,42.83,12.83
Europe,Italy,0.444000006,Energy,Other from coal,All,2022,IT,42.83,12.83
Europe,Italy,30.11903763,Energy,Other from oil and gas,All,2022,IT,42.83,12.83
Europe,Italy,285.7864685,Energy,Total,All,2022,IT,42.83,12.83
Europe,Italy,30.06378937,Other,Total,All,2019-2021,IT,42.83,12.83
Europe,Italy,579.5969238,Waste,Total,All,2019-2021,IT,42.83,12.83
Europe,Netherlands,466.8436584,Agriculture,Total,All,2019-2021,NL,52.5,5.75
Europe,Netherlands,14.42800045,Energy,Bioenergy,All,2022,NL,52.5,5.75
Europe,Netherlands,1.893610001,Energy,Gas pipelines and LNG facilities,Fugitive,2022,NL,52.5,5.75
Europe,Netherlands,1.009680033,Energy,Gas pipelines and LNG facilities,Vented,2022,NL,52.5,5.75
Europe,Netherlands,0.318385005,Energy,Offshore gas,Fugitive,2022,NL,52.5,5.75
Europe,Netherlands,0.690829992,Energy,Offshore gas,Vented,2022,NL,52.5,5.75
Europe,Netherlands,0.00116356,Energy,Offshore oil,Flared,2022,NL,52.5,5.75
Europe,Netherlands,0.00317945,Energy,Offshore oil,Fugitive,2022,NL,52.5,5.75
Europe,Netherlands,0.043075498,Energy,Offshore oil,Vented,2022,NL,52.5,5.75
Europe,Netherlands,0.238220006,Energy,Onshore gas,Fugitive,2022,NL,52.5,5.75
Europe,Netherlands,0.516887009,Energy,Onshore gas,Vented,2022,NL,52.5,5.75
Europe,Netherlands,0.0010811,Energy,Onshore oil,Flared,2022,NL,52.5,5.75
Europe,Netherlands,0.00359592,Energy,Onshore oil,Fugitive,2022,NL,52.5,5.75
Europe,Netherlands,0.048717901,Energy,Onshore oil,Vented,2022,NL,52.5,5.75
Europe,Netherlands,0.287999988,Energy,Other from coal,All,2022,NL,52.5,5.75
Europe,Netherlands,9.774954796,Energy,Other from oil and gas,All,2022,NL,52.5,5.75
Europe,Netherlands,29.25938034,Energy,Total,All,2022,NL,52.5,5.75
Europe,Netherlands,15.82078743,Other,Total,All,2019-2021,NL,52.5,5.75
Europe,Netherlands,137.837326,Waste,Total,All,2019-2021,NL,52.5,5.75
Europe,Norway,103.6077347,Agriculture,Total,All,2019-2021,NO,62,10
Europe,Norway,8.583999634,Energy,Bioenergy,All,2022,NO,62,10
Europe,Norway,0.210031003,Energy,Gas pipelines and LNG facilities,Fugitive,2022,NO,62,10
Europe,Norway,0.111988001,Energy,Gas pipelines and LNG facilities,Vented,2022,NO,62,10
Europe,Norway,4.233789921,Energy,Offshore gas,Fugitive,2022,NO,62,10
Europe,Norway,9.186440468,Energy,Offshore gas,Vented,2022,NO,62,10
Europe,Norway,0.245731995,Energy,Offshore oil,Flared,2022,NO,62,10
Europe,Norway,0.870938003,Energy,Offshore oil,Fugitive,2022,NO,62,10
Europe,Norway,11.79959965,Energy,Offshore oil,Vented,2022,NO,62,10
Europe,Norway,0.517831028,Energy,Onshore gas,Fugitive,2022,NO,62,10
Europe,Norway,1.123589993,Energy,Onshore gas,Vented,2022,NO,62,10
Europe,Norway,0.0124766,Energy,Onshore oil,Flared,2022,NO,62,10
Europe,Norway,0.100410998,Energy,Onshore oil,Fugitive,2022,NO,62,10
Europe,Norway,1.360380054,Energy,Onshore oil,Vented,2022,NO,62,10
Europe,Norway,0.224000007,Energy,Other from coal,All,2022,NO,62,10
Europe,Norway,2.522565126,Energy,Other from oil and gas,All,2022,NO,62,10
Europe,Norway,41.10377121,Energy,Total,All,2022,NO,62,10
Europe,Norway,5.547865868,Other,Total,All,2019-2021,NO,62,10
Europe,Norway,46.46012497,Waste,Total,All,2019-2021,NO,62,10
Europe,Poland,615.5054321,Agriculture,Total,All,2019-2021,PL,52,20
Europe,Poland,76.10800171,Energy,Bioenergy,All,2022,PL,52,20
Europe,Poland,288.3659668,Energy,Coking coal,All,2022,PL,52,20
Europe,Poland,24.74559975,Energy,Gas pipelines and LNG facilities,Fugitive,2022,PL,52,20
Europe,Poland,13.19439983,Energy,Gas pipelines and LNG facilities,Vented,2022,PL,52,20
Europe,Poland,0.0272935,Energy,Offshore gas,Fugitive,2022,PL,52,20
Europe,Poland,0.059221201,Energy,Offshore gas,Vented,2022,PL,52,20
Europe,Poland,0.203018993,Energy,Offshore oil,Flared,2022,PL,52,20
Europe,Poland,0.097061902,Energy,Offshore oil,Fugitive,2022,PL,52,20
Europe,Poland,1.315000057,Energy,Offshore oil,Vented,2022,PL,52,20
Europe,Poland,4.089399815,Energy,Onshore gas,Fugitive,2022,PL,52,20
Europe,Poland,8.873149872,Energy,Onshore gas,Vented,2022,PL,52,20
Europe,Poland,0.461768001,Energy,Onshore oil,Flared,2022,PL,52,20
Europe,Poland,0.220768005,Energy,Onshore oil,Fugitive,2022,PL,52,20
Europe,Poland,2.990989923,Energy,Onshore oil,Vented,2022,PL,52,20
Europe,Poland,93.09250641,Energy,Other from coal,All,2022,PL,52,20
Europe,Poland,17.35107422,Energy,Other from oil and gas,All,2022,PL,52,20
Europe,Poland,334.0936584,Energy,Steam coal,All,2022,PL,52,20
Europe,Poland,865.2888794,Energy,Total,All,2022,PL,52,20
Europe,Poland,44.48818588,Other,Total,All,2019-2021,PL,52,20
Europe,Poland,347.6139526,Waste,Total,All,2019-2021,PL,52,20
Europe,Romania,367.9289246,Agriculture,Total,All,2019-2021,RO,46,25
Europe,Romania,39.52399826,Energy,Bioenergy,All,2022,RO,46,25
Europe,Romania,46.83150101,Energy,Gas pipelines and LNG facilities,Fugitive,2022,RO,46,25
Europe,Romania,24.97060013,Energy,Gas pipelines and LNG facilities,Vented,2022,RO,46,25
Europe,Romania,3.780659914,Energy,Offshore gas,Fugitive,2022,RO,46,25
Europe,Romania,8.203240395,Energy,Offshore gas,Vented,2022,RO,46,25
Europe,Romania,0.259777993,Energy,Offshore oil,Flared,2022,RO,46,25
Europe,Romania,0.48031801,Energy,Offshore oil,Fugitive,2022,RO,46,25
Europe,Romania,6.507400036,Energy,Offshore oil,Vented,2022,RO,46,25
Europe,Romania,28.02179909,Energy,Onshore gas,Fugitive,2022,RO,46,25
Europe,Romania,60.80139923,Energy,Onshore gas,Vented,2022,RO,46,25
Europe,Romania,1.843999982,Energy,Onshore oil,Flared,2022,RO,46,25
Europe,Romania,3.475430012,Energy,Onshore oil,Fugitive,2022,RO,46,25
Europe,Romania,47.08539963,Energy,Onshore oil,Vented,2022,RO,46,25
Europe,Romania,7.882860184,Energy,Other from coal,All,2022,RO,46,25
Europe,Romania,5.377346992,Energy,Other from oil and gas,All,2022,RO,46,25
Europe,Romania,0.365175009,Energy,Steam coal,All,2022,RO,46,25
Europe,Romania,285.4109192,Energy,Total,All,2022,RO,46,25
Europe,Romania,11.69682312,Other,Total,All,2019-2021,RO,46,25
Europe,Romania,244.4076843,Waste,Total,All,2019-2021,RO,46,25
Europe,Slovenia,48.42922592,Agriculture,Total,All,2019-2021,SI,46,15
Europe,Slovenia,5.291999817,Energy,Bioenergy,All,2022,SI,46,15
Europe,Slovenia,0.956161022,Energy,Gas pipelines and LNG facilities,Fugitive,2022,SI,46,15
Europe,Slovenia,0.509826005,Energy,Gas pipelines and LNG facilities,Vented,2022,SI,46,15
Europe,Slovenia,0.00334403,Energy,Onshore gas,Fugitive,2022,SI,46,15
Europe,Slovenia,0.00725586,Energy,Onshore gas,Vented,2022,SI,46,15
Europe,Slovenia,0.052000001,Energy,Other from coal,All,2022,SI,46,15
Europe,Slovenia,0.906366885,Energy,Other from oil and gas,All,2022,SI,46,15
Europe,Slovenia,7.726953983,Energy,Total,All,2022,SI,46,15
Europe,Slovenia,1.59395647,Other,Total,All,2019-2021,SI,46,15
Europe,Slovenia,17.9103756,Waste,Total,All,2019-2021,SI,46,15
Europe,Sweden,128.6583862,Agriculture,Total,All,2019-2021,SE,62,15
Europe,Sweden,26.73999977,Energy,Bioenergy,All,2022,SE,62,15
Europe,Sweden,0.905292988,Energy,Gas pipelines and LNG facilities,Fugitive,2022,SE,62,15
Europe,Sweden,0.482703,Energy,Gas pipelines and LNG facilities,Vented,2022,SE,62,15
Europe,Sweden,0.203999996,Energy,Other from coal,All,2022,SE,62,15
Europe,Sweden,3.658558607,Energy,Other from oil and gas,All,2022,SE,62,15
Europe,Sweden,31.99055481,Energy,Total,All,2022,SE,62,15
Europe,Sweden,10.06986618,Other,Total,All,2019-2021,SE,62,15
Europe,Sweden,159.8013458,Waste,Total,All,2019-2021,SE,62,15
Europe,Ukraine,377.1493225,Agriculture,Total,All,2019-2021,UA,49,32
Europe,Ukraine,26.8239994,Energy,Bioenergy,All,2022,UA,49,32
Europe,Ukraine,8.821840286,Energy,Coking coal,All,2022,UA,49,32
Europe,Ukraine,51.25749969,Energy,Gas pipelines and LNG facilities,Fugitive,2022,UA,49,32
Europe,Ukraine,27.33049965,Energy,Gas pipelines and LNG facilities,Vented,2022,UA,49,32
Europe,Ukraine,1.932180047,Energy,Offshore gas,Fugitive,2022,UA,49,32
Europe,Ukraine,4.192430019,Energy,Offshore gas,Vented,2022,UA,49,32
Europe,Ukraine,24.09110069,Energy,Onshore gas,Fugitive,2022,UA,49,32
Europe,Ukraine,52.27270126,Energy,Onshore gas,Vented,2022,UA,49,32
Europe,Ukraine,0.721400023,Energy,Onshore oil,Flared,2022,UA,49,32
Europe,Ukraine,0.294638991,Energy,Onshore oil,Fugitive,2022,UA,49,32
Europe,Ukraine,3.99180007,Energy,Onshore oil,Vented,2022,UA,49,32
Europe,Ukraine,5.300000191,Energy,Other from coal,All,2022,UA,49,32
Europe,Ukraine,10.64346504,Energy,Other from oil and gas,All,2022,UA,49,32
Europe,Ukraine,335.7476501,Energy,Steam coal,All,2022,UA,49,32
Europe,Ukraine,553.4212036,Energy,Total,All,2022,UA,49,32
Europe,Ukraine,71.82522583,Other,Total,All,2019-2021,UA,49,32
Europe,Ukraine,401.8596191,Waste,Total,All,2019-2021,UA,49,32
Europe,United Kingdom,1064.665894,Agriculture,Total,All,2019-2021,GB,54,-2
Europe,United Kingdom,25,Energy,Bioenergy,All,2022,GB,54,-2
Europe,United Kingdom,12.07989979,Energy,Coking coal,All,2022,GB,54,-2
Europe,United Kingdom,38.53329849,Energy,Gas pipelines and LNG facilities,Fugitive,2022,GB,54,-2
Europe,United Kingdom,20.54599953,Energy,Gas pipelines and LNG facilities,Vented,2022,GB,54,-2
Europe,United Kingdom,15.13869953,Energy,Offshore gas,Fugitive,2022,GB,54,-2
Europe,United Kingdom,32.84780121,Energy,Offshore gas,Vented,2022,GB,54,-2
Europe,United Kingdom,9.113069534,Energy,Offshore oil,Flared,2022,GB,54,-2
Europe,United Kingdom,4.628449917,Energy,Offshore oil,Fugitive,2022,GB,54,-2
Europe,United Kingdom,62.70669937,Energy,Offshore oil,Vented,2022,GB,54,-2
Europe,United Kingdom,0.036442,Energy,Onshore gas,Fugitive,2022,GB,54,-2
Europe,United Kingdom,0.079071499,Energy,Onshore gas,Vented,2022,GB,54,-2
Europe,United Kingdom,0.651197016,Energy,Onshore oil,Flared,2022,GB,54,-2
Europe,United Kingdom,0.519243002,Energy,Onshore oil,Fugitive,2022,GB,54,-2
Europe,United Kingdom,7.034759998,Energy,Onshore oil,Vented,2022,GB,54,-2
Europe,United Kingdom,6.340023041,Energy,Other from coal,All,2022,GB,54,-2
Europe,United Kingdom,30.17159271,Energy,Other from oil and gas,All,2022,GB,54,-2
Europe,United Kingdom,9.205160141,Energy,Steam coal,All,2022,GB,54,-2
Europe,United Kingdom,274.6314087,Energy,Total,All,2022,GB,54,-2
Europe,United Kingdom,64.70419312,Other,Total,All,2019-2021,GB,54,-2
Europe,United Kingdom,1113.141235,Waste,Total,All,2019-2021,GB,54,-2
Middle East,Bahrain,0.964592338,Agriculture,Total,All,2019-2021,BH,26,50.55
Middle East,Bahrain,21.7682991,Energy,Gas pipelines and LNG facilities,Fugitive,2022,BH,26,50.55
Middle East,Bahrain,11.60690022,Energy,Gas pipelines and LNG facilities,Vented,2022,BH,26,50.55
Middle East,Bahrain,25.43700027,Energy,Onshore gas,Fugitive,2022,BH,26,50.55
Middle East,Bahrain,55.19309998,Energy,Onshore gas,Vented,2022,BH,26,50.55
Middle East,Bahrain,8.281629562,Energy,Onshore oil,Flared,2022,BH,26,50.55
Middle East,Bahrain,4.591300011,Energy,Onshore oil,Fugitive,2022,BH,26,50.55
Middle East,Bahrain,62.20339966,Energy,Onshore oil,Vented,2022,BH,26,50.55
Middle East,Bahrain,1.603628516,Energy,Other from oil and gas,All,2022,BH,26,50.55
Middle East,Bahrain,190.685257,Energy,Total,All,2022,BH,26,50.55
Middle East,Bahrain,1.481503725,Other,Total,All,2019-2021,BH,26,50.55
Middle East,Bahrain,172.3936005,Waste,Total,All,2019-2021,BH,26,50.55
Middle East,Iraq,168.223938,Agriculture,Total,All,2019-2021,IQ,33,44
Middle East,Iraq,0.131999999,Energy,Bioenergy,All,2022,IQ,33,44
Middle East,Iraq,14.83069992,Energy,Gas pipelines and LNG facilities,Fugitive,2022,IQ,33,44
Middle East,Iraq,7.907760143,Energy,Gas pipelines and LNG facilities,Vented,2022,IQ,33,44
Middle East,Iraq,12.6942997,Energy,Onshore gas,Fugitive,2022,IQ,33,44
Middle East,Iraq,27.54389954,Energy,Onshore gas,Vented,2022,IQ,33,44
Middle East,Iraq,880.7940063,Energy,Onshore oil,Flared,2022,IQ,33,44
Middle East,Iraq,103.0930023,Energy,Onshore oil,Fugitive,2022,IQ,33,44
Middle East,Iraq,1396.719971,Energy,Onshore oil,Vented,2022,IQ,33,44
Middle East,Iraq,12.13696098,Energy,Other from oil and gas,All,2022,IQ,33,44
Middle East,Iraq,59.20000076,Energy,Satellite-detected large oil and gas emissions,All,2022,IQ,33,44
Middle East,Iraq,2515.052734,Energy,Total,All,2022,IQ,33,44
Middle East,Iraq,3.421923637,Other,Total,All,2019-2021,IQ,33,44
Middle East,Iraq,362.1964722,Waste,Total,All,2019-2021,IQ,33,44
Middle East,Jordan,25.81554222,Agriculture,Total,All,2019-2021,JO,31,36
Middle East,Jordan,0.736000001,Energy,Bioenergy,All,2022,JO,31,36
Middle East,Jordan,25.4326992,Energy,Gas pipelines and LNG facilities,Fugitive,2022,JO,31,36
Middle East,Jordan,13.56070042,Energy,Gas pipelines and LNG facilities,Vented,2022,JO,31,36
Middle East,Jordan,0.228354007,Energy,Onshore gas,Fugitive,2022,JO,31,36
Middle East,Jordan,0.495481014,Energy,Onshore gas,Vented,2022,JO,31,36
Middle East,Jordan,0.160595998,Energy,Onshore oil,Fugitive,2022,JO,31,36
Middle East,Jordan,2.175770044,Energy,Onshore oil,Vented,2022,JO,31,36
Middle East,Jordan,0.088,Energy,Other from coal,All,2022,JO,31,36
Middle East,Jordan,2.729363918,Energy,Other from oil and gas,All,2022,JO,31,36
Middle East,Jordan,1.600000024,Energy,Satellite-detected large oil and gas emissions,All,2022,JO,31,36
Middle East,Jordan,47.2069664,Energy,Total,All,2022,JO,31,36
Middle East,Jordan,0.578217447,Other,Total,All,2019-2021,JO,31,36
Middle East,Jordan,200.5210419,Waste,Total,All,2019-2021,JO,31,36
Middle East,Kuwait,7.323050499,Agriculture,Total,All,2019-2021,KW,29.34,47.66
Middle East,Kuwait,39.97169876,Energy,Gas pipelines and LNG facilities,Fugitive,2022,KW,29.34,47.66
Middle East,Kuwait,21.31290054,Energy,Gas pipelines and LNG facilities,Vented,2022,KW,29.34,47.66
Middle East,Kuwait,0.878540993,Energy,Offshore oil,Flared,2022,KW,29.34,47.66
Middle East,Kuwait,1.711030006,Energy,Offshore oil,Fugitive,2022,KW,29.34,47.66
Middle East,Kuwait,23.18120003,Energy,Offshore oil,Vented,2022,KW,29.34,47.66
Middle East,Kuwait,23.94639969,Energy,Onshore gas,Fugitive,2022,KW,29.34,47.66
Middle East,Kuwait,51.95880127,Energy,Onshore gas,Vented,2022,KW,29.34,47.66
Middle East,Kuwait,27.19949913,Energy,Onshore oil,Flared,2022,KW,29.34,47.66
Middle East,Kuwait,54.91999817,Energy,Onshore oil,Fugitive,2022,KW,29.34,47.66
Middle East,Kuwait,744.0620117,Energy,Onshore oil,Vented,2022,KW,29.34,47.66
Middle East,Kuwait,6.340137005,Energy,Other from oil and gas,All,2022,KW,29.34,47.66
Middle East,Kuwait,6.599999905,Energy,Satellite-detected large oil and gas emissions,All,2022,KW,29.34,47.66
Middle East,Kuwait,1002.082214,Energy,Total,All,2022,KW,29.34,47.66
Middle East,Kuwait,0.824978411,Other,Total,All,2019-2021,KW,29.34,47.66
Middle East,Kuwait,257.9949341,Waste,Total,All,2019-2021,KW,29.34,47.66
Middle East,Lebanon,12.06766987,Agriculture,Total,All,2019-2021,LB,33.83,35.83
Middle East,Lebanon,1.555999994,Energy,Bioenergy,All,2022,LB,33.83,35.83
Middle East,Lebanon,0.048,Energy,Other from coal,All,2022,LB,33.83,35.83
Middle East,Lebanon,3.108916044,Energy,Other from oil and gas,All,2022,LB,33.83,35.83
Middle East,Lebanon,4.712915897,Energy,Total,All,2022,LB,33.83,35.83
Middle East,Lebanon,0.76484412,Other,Total,All,2019-2021,LB,33.83,35.83
Middle East,Lebanon,112.223999,Waste,Total,All,2019-2021,LB,33.83,35.83
Middle East,Oman,37.05989838,Agriculture,Total,All,2019-2021,OM,21,57
Middle East,Oman,45.88990021,Energy,Gas pipelines and LNG facilities,Fugitive,2022,OM,21,57
Middle East,Oman,24.46850014,Energy,Gas pipelines and LNG facilities,Vented,2022,OM,21,57
Middle East,Oman,0.178699002,Energy,Offshore gas,Fugitive,2022,OM,21,57
Middle East,Oman,0.387739003,Energy,Offshore gas,Vented,2022,OM,21,57
Middle East,Oman,1.825270057,Energy,Offshore oil,Flared,2022,OM,21,57
Middle East,Oman,0.358994007,Energy,Offshore oil,Fugitive,2022,OM,21,57
Middle East,Oman,4.863689899,Energy,Offshore oil,Vented,2022,OM,21,57
Middle East,Oman,79.915802,Energy,Onshore gas,Fugitive,2022,OM,21,57
Middle East,Oman,173.401001,Energy,Onshore gas,Vented,2022,OM,21,57
Middle East,Oman,128.3399963,Energy,Onshore oil,Flared,2022,OM,21,57
Middle East,Oman,27.77190018,Energy,Onshore oil,Fugitive,2022,OM,21,57
Middle East,Oman,376.2569885,Energy,Onshore oil,Vented,2022,OM,21,57
Middle East,Oman,5.598037243,Energy,Other from oil and gas,All,2022,OM,21,57
Middle East,Oman,869.2565308,Energy,Total,All,2022,OM,21,57
Middle East,Oman,9.764742851,Other,Total,All,2019-2021,OM,21,57
Middle East,Oman,64.55561829,Waste,Total,All,2019-2021,OM,21,57
Middle East,Qatar,11.36858845,Agriculture,Total,All,2019-2021,QA,25.5,51.25
Middle East,Qatar,0.083999999,Energy,Bioenergy,All,2022,QA,25.5,51.25
Middle East,Qatar,57.90470123,Energy,Gas pipelines and LNG facilities,Fugitive,2022,QA,25.5,51.25
Middle East,Qatar,30.87479973,Energy,Gas pipelines and LNG facilities,Vented,2022,QA,25.5,51.25
Middle East,Qatar,198.3000031,Energy,Offshore gas,Fugitive,2022,QA,25.5,51.25
Middle East,Qatar,430.269989,Energy,Offshore gas,Vented,2022,QA,25.5,51.25
Middle East,Qatar,17.21139908,Energy,Offshore oil,Flared,2022,QA,25.5,51.25
Middle East,Qatar,7.383190155,Energy,Offshore oil,Fugitive,2022,QA,25.5,51.25
Middle East,Qatar,100.0279999,Energy,Offshore oil,Vented,2022,QA,25.5,51.25
Middle East,Qatar,2.60729003,Energy,Onshore gas,Fugitive,2022,QA,25.5,51.25
Middle East,Qatar,5.657279968,Energy,Onshore gas,Vented,2022,QA,25.5,51.25
Middle East,Qatar,22.4470005,Energy,Onshore oil,Flared,2022,QA,25.5,51.25
Middle East,Qatar,17.99119949,Energy,Onshore oil,Fugitive,2022,QA,25.5,51.25
Middle East,Qatar,243.7460022,Energy,Onshore oil,Vented,2022,QA,25.5,51.25
Middle East,Qatar,4.01292038,Energy,Other from oil and gas,All,2022,QA,25.5,51.25
Middle East,Qatar,1138.517822,Energy,Total,All,2022,QA,25.5,51.25
Middle East,Qatar,5.52156353,Other,Total,All,2019-2021,QA,25.5,51.25
Middle East,Qatar,64.40309143,Waste,Total,All,2019-2021,QA,25.5,51.25
Middle East,Saudi Arabia,121.0209732,Agriculture,Total,All,2019-2021,SA,25,45
Middle East,Saudi Arabia,0.068000004,Energy,Bioenergy,All,2022,SA,25,45
Middle East,Saudi Arabia,122.685997,Energy,Gas pipelines and LNG facilities,Fugitive,2022,SA,25,45
Middle East,Saudi Arabia,65.41629791,Energy,Gas pipelines and LNG facilities,Vented,2022,SA,25,45
Middle East,Saudi Arabia,36.35609818,Energy,Offshore gas,Fugitive,2022,SA,25,45
Middle East,Saudi Arabia,78.88510132,Energy,Offshore gas,Vented,2022,SA,25,45
Middle East,Saudi Arabia,30.21109962,Energy,Offshore oil,Flared,2022,SA,25,45
Middle East,Saudi Arabia,62.1391983,Energy,Offshore oil,Fugitive,2022,SA,25,45
Middle East,Saudi Arabia,841.867981,Energy,Offshore oil,Vented,2022,SA,25,45
Middle East,Saudi Arabia,54.82180023,Energy,Onshore gas,Fugitive,2022,SA,25,45
Middle East,Saudi Arabia,118.9520035,Energy,Onshore gas,Vented,2022,SA,25,45
Middle East,Saudi Arabia,47.22969818,Energy,Onshore oil,Flared,2022,SA,25,45
Middle East,Saudi Arabia,105.8509979,Energy,Onshore oil,Fugitive,2022,SA,25,45
Middle East,Saudi Arabia,1434.079956,Energy,Onshore oil,Vented,2022,SA,25,45
Middle East,Saudi Arabia,42.53243256,Energy,Other from oil and gas,All,2022,SA,25,45
Middle East,Saudi Arabia,10,Energy,Satellite-detected large oil and gas emissions,All,2022,SA,25,45
Middle East,Saudi Arabia,3051.09668,Energy,Total,All,2022,SA,25,45
Middle East,Saudi Arabia,27.83010101,Other,Total,All,2019-2021,SA,25,45
Middle East,Saudi Arabia,955.779541,Waste,Total,All,2019-2021,SA,25,45
Middle East,United Arab Emirates,47.43784332,Agriculture,Total,All,2019-2021,AE,24,54
Middle East,United Arab Emirates,0.300000012,Energy,Bioenergy,All,2022,AE,24,54
Middle East,United Arab Emirates,87.21330261,Energy,Gas pipelines and LNG facilities,Fugitive,2022,AE,24,54
Middle East,United Arab Emirates,46.50220108,Energy,Gas pipelines and LNG facilities,Vented,2022,AE,24,54
Middle East,United Arab Emirates,21.64649963,Energy,Offshore gas,Fugitive,2022,AE,24,54
Middle East,United Arab Emirates,46.96829987,Energy,Offshore gas,Vented,2022,AE,24,54
Middle East,United Arab Emirates,38.45009995,Energy,Offshore oil,Flared,2022,AE,24,54
Middle East,United Arab Emirates,32.55339813,Energy,Offshore oil,Fugitive,2022,AE,24,54
Middle East,United Arab Emirates,441.0360107,Energy,Offshore oil,Vented,2022,AE,24,54
Middle East,United Arab Emirates,43.50379944,Energy,Onshore gas,Fugitive,2022,AE,24,54
Middle East,United Arab Emirates,94.39409637,Energy,Onshore gas,Vented,2022,AE,24,54
Middle East,United Arab Emirates,36.26440048,Energy,Onshore oil,Flared,2022,AE,24,54
Middle East,United Arab Emirates,36.86650085,Energy,Onshore oil,Fugitive,2022,AE,24,54
Middle East,United Arab Emirates,499.4710083,Energy,Onshore oil,Vented,2022,AE,24,54
Middle East,United Arab Emirates,0.89200002,Energy,Other from coal,All,2022,AE,24,54
Middle East,United Arab Emirates,13.07118416,Energy,Other from oil and gas,All,2022,AE,24,54
Middle East,United Arab Emirates,1439.132813,Energy,Total,All,2022,AE,24,54
Middle East,United Arab Emirates,2.969593048,Other,Total,All,2019-2021,AE,24,54
Middle East,United Arab Emirates,462.6634827,Waste,Total,All,2019-2021,AE,24,54
Middle East,Yemen,181.292984,Agriculture,Total,All,2019-2021,YE,15,48
Middle East,Yemen,0.363999993,Energy,Bioenergy,All,2022,YE,15,48
Middle East,Yemen,1.19769001,Energy,Gas pipelines and LNG facilities,Fugitive,2022,YE,15,48
Middle East,Yemen,0.638607025,Energy,Gas pipelines and LNG facilities,Vented,2022,YE,15,48
Middle East,Yemen,0.138465002,Energy,Onshore gas,Fugitive,2022,YE,15,48
Middle East,Yemen,0.300439,Energy,Onshore gas,Vented,2022,YE,15,48
Middle East,Yemen,40.54639816,Energy,Onshore oil,Flared,2022,YE,15,48
Middle East,Yemen,6.669539928,Energy,Onshore oil,Fugitive,2022,YE,15,48
Middle East,Yemen,90.35949707,Energy,Onshore oil,Vented,2022,YE,15,48
Middle East,Yemen,0.028000001,Energy,Other from coal,All,2022,YE,15,48
Middle East,Yemen,1.538963437,Energy,Other from oil and gas,All,2022,YE,15,48
Middle East,Yemen,3.400000095,Energy,Satellite-detected large oil and gas emissions,All,2022,YE,15,48
Middle East,Yemen,145.1816101,Energy,Total,All,2022,YE,15,48
Middle East,Yemen,0.53428489,Other,Total,All,2019-2021,YE,15,48
Middle East,Yemen,161.4936981,Waste,Total,All,2019-2021,YE,15,48
North America,Canada,1072.710693,Agriculture,Total,All,2019-2021,CA,60,-95
North America,Canada,36.95600128,Energy,Bioenergy,All,2022,CA,60,-95
North America,Canada,56.25040054,Energy,Coking coal,All,2022,CA,60,-95
North America,Canada,149.7700043,Energy,Gas pipelines and LNG facilities,Fugitive,2022,CA,60,-95
North America,Canada,79.85769653,Energy,Gas pipelines and LNG facilities,Vented,2022,CA,60,-95
North America,Canada,0.113724001,Energy,Offshore gas,Fugitive,2022,CA,60,-95
North America,Canada,0.246757001,Energy,Offshore gas,Vented,2022,CA,60,-95
North America,Canada,323.2640076,Energy,Onshore gas,Fugitive,2022,CA,60,-95
North America,Canada,701.4169922,Energy,Onshore gas,Vented,2022,CA,60,-95
North America,Canada,34.76959991,Energy,Onshore oil,Flared,2022,CA,60,-95
North America,Canada,75.05500031,Energy,Onshore oil,Fugitive,2022,CA,60,-95
North America,Canada,1016.849976,Energy,Onshore oil,Vented,2022,CA,60,-95
North America,Canada,1.741628051,Energy,Other from coal,All,2022,CA,60,-95
North America,Canada,57.55759048,Energy,Other from oil and gas,All,2022,CA,60,-95
North America,Canada,14.54909992,Energy,Steam coal,All,2022,CA,60,-95
North America,Canada,2548.398438,Energy,Total,All,2022,CA,60,-95
North America,Canada,42.62068176,Other,Total,All,2019-2021,CA,60,-95
North America,Canada,897.965271,Waste,Total,All,2019-2021,CA,60,-95
North America,Mexico,2420.791016,Agriculture,Total,All,2019-2021,MX,23,-102
North America,Mexico,74.12000275,Energy,Bioenergy,All,2022,MX,23,-102
North America,Mexico,33.4457016,Energy,Coking coal,All,2022,MX,23,-102
North America,Mexico,171.9029999,Energy,Gas pipelines and LNG facilities,Fugitive,2022,MX,23,-102
North America,Mexico,91.65859985,Energy,Gas pipelines and LNG facilities,Vented,2022,MX,23,-102
North America,Mexico,15.5060997,Energy,Offshore gas,Fugitive,2022,MX,23,-102
North America,Mexico,33.64490128,Energy,Offshore gas,Vented,2022,MX,23,-102
North America,Mexico,195.1060028,Energy,Offshore oil,Flared,2022,MX,23,-102
North America,Mexico,35.65219879,Energy,Offshore oil,Fugitive,2022,MX,23,-102
North America,Mexico,483.019989,Energy,Offshore oil,Vented,2022,MX,23,-102
North America,Mexico,27.29030037,Energy,Onshore gas,Fugitive,2022,MX,23,-102
North America,Mexico,59.21419907,Energy,Onshore gas,Vented,2022,MX,23,-102
North America,Mexico,64.87930298,Energy,Onshore oil,Flared,2022,MX,23,-102
North America,Mexico,15.19279957,Energy,Onshore oil,Fugitive,2022,MX,23,-102
North America,Mexico,205.8339996,Energy,Onshore oil,Vented,2022,MX,23,-102
North America,Mexico,0.989216387,Energy,Other from coal,All,2022,MX,23,-102
North America,Mexico,55.01842117,Energy,Other from oil and gas,All,2022,MX,23,-102
North America,Mexico,18.85449982,Energy,Steam coal,All,2022,MX,23,-102
North America,Mexico,1581.329224,Energy,Total,All,2022,MX,23,-102
North America,Mexico,54.36140442,Other,Total,All,2019-2021,MX,23,-102
North America,Mexico,1994.627441,Waste,Total,All,2019-2021,MX,23,-102
North America,United States,9409.325195,Agriculture,Total,All,2019-2021,US,38,-97
North America,United States,237.8439941,Energy,Bioenergy,All,2022,US,38,-97
North America,United States,829.1829834,Energy,Coking coal,All,2022,US,38,-97
North America,United States,1781.369995,Energy,Gas pipelines and LNG facilities,Fugitive,2022,US,38,-97
North America,United States,949.8289795,Energy,Gas pipelines and LNG facilities,Vented,2022,US,38,-97
North America,United States,19.60790062,Energy,Offshore gas,Fugitive,2022,US,38,-97
North America,United States,42.54499817,Energy,Offshore gas,Vented,2022,US,38,-97
North America,United States,21.64189911,Energy,Offshore oil,Flared,2022,US,38,-97
North America,United States,18.31040001,Energy,Offshore oil,Fugitive,2022,US,38,-97
North America,United States,248.0700073,Energy,Offshore oil,Vented,2022,US,38,-97
North America,United States,1756.949951,Energy,Onshore gas,Fugitive,2022,US,38,-97
North America,United States,3812.209961,Energy,Onshore gas,Vented,2022,US,38,-97
North America,United States,436.6229858,Energy,Onshore oil,Flared,2022,US,38,-97
North America,United States,309.1589966,Energy,Onshore oil,Fugitive,2022,US,38,-97
North America,United States,4188.52002,Energy,Onshore oil,Vented,2022,US,38,-97
North America,United States,22.06521988,Energy,Other from coal,All,2022,US,38,-97
North America,United States,569.8220825,Energy,Other from oil and gas,All,2022,US,38,-97
North America,United States,357.6000061,Energy,Satellite-detected large oil and gas emissions,All,2022,US,38,-97
North America,United States,1168.280029,Energy,Steam coal,All,2022,US,38,-97
North America,United States,16769.63086,Energy,Total,All,2022,US,38,-97
North America,United States,538.3626099,Other,Total,All,2019-2021,US,38,-97
North America,United States,5117.928223,Waste,Total,All,2019-2021,US,38,-97
Russia & Caspian,Azerbaijan,195.197525,Agriculture,Total,All,2019-2021,AZ,40.5,47.5
Russia & Caspian,Azerbaijan,0.379999995,Energy,Bioenergy,All,2022,AZ,40.5,47.5
Russia & Caspian,Azerbaijan,21.31760025,Energy,Gas pipelines and LNG facilities,Fugitive,2022,AZ,40.5,47.5
Russia & Caspian,Azerbaijan,11.3664999,Energy,Gas pipelines and LNG facilities,Vented,2022,AZ,40.5,47.5
Russia & Caspian,Azerbaijan,27.93440056,Energy,Offshore gas,Fugitive,2022,AZ,40.5,47.5
Russia & Caspian,Azerbaijan,60.61180115,Energy,Offshore gas,Vented,2022,AZ,40.5,47.5
Russia & Caspian,Azerbaijan,6.793159962,Energy,Offshore oil,Flared,2022,AZ,40.5,47.5
Russia & Caspian,Azerbaijan,10.47410011,Energy,Offshore oil,Fugitive,2022,AZ,40.5,47.5
Russia & Caspian,Azerbaijan,141.9049988,Energy,Offshore oil,Vented,2022,AZ,40.5,47.5
Russia & Caspian,Azerbaijan,0.315973997,Energy,Onshore gas,Fugitive,2022,AZ,40.5,47.5
Russia & Caspian,Azerbaijan,0.685598016,Energy,Onshore gas,Vented,2022,AZ,40.5,47.5
Russia & Caspian,Azerbaijan,1.023149967,Energy,Onshore oil,Flared,2022,AZ,40.5,47.5
Russia & Caspian,Azerbaijan,2.529419899,Energy,Onshore oil,Fugitive,2022,AZ,40.5,47.5
Russia & Caspian,Azerbaijan,34.26879883,Energy,Onshore oil,Vented,2022,AZ,40.5,47.5
Russia & Caspian,Azerbaijan,3.649460316,Energy,Other from oil and gas,All,2022,AZ,40.5,47.5
Russia & Caspian,Azerbaijan,323.2549744,Energy,Total,All,2022,AZ,40.5,47.5
Russia & Caspian,Azerbaijan,0.960434616,Other,Total,All,2019-2021,AZ,40.5,47.5
Russia & Caspian,Azerbaijan,104.275032,Waste,Total,All,2019-2021,AZ,40.5,47.5
Russia & Caspian,Kazakhstan,762.0980835,Agriculture,Total,All,2019-2021,KZ,48,68
Russia & Caspian,Kazakhstan,0.603999972,Energy,Bioenergy,All,2022,KZ,48,68
Russia & Caspian,Kazakhstan,103.2850037,Energy,Coking coal,All,2022,KZ,48,68
Russia & Caspian,Kazakhstan,60.72040176,Energy,Gas pipelines and LNG facilities,Fugitive,2022,KZ,48,68
Russia & Caspian,Kazakhstan,32.37609863,Energy,Gas pipelines and LNG facilities,Vented,2022,KZ,48,68
Russia & Caspian,Kazakhstan,14.49530029,Energy,Offshore gas,Fugitive,2022,KZ,48,68
Russia & Caspian,Kazakhstan,31.45179939,Energy,Offshore gas,Vented,2022,KZ,48,68
Russia & Caspian,Kazakhstan,17.77440071,Energy,Offshore oil,Flared,2022,KZ,48,68
Russia & Caspian,Kazakhstan,14.82219982,Energy,Offshore oil,Fugitive,2022,KZ,48,68
Russia & Caspian,Kazakhstan,200.8130035,Energy,Offshore oil,Vented,2022,KZ,48,68
Russia & Caspian,Kazakhstan,79.2111969,Energy,Onshore gas,Fugitive,2022,KZ,48,68
Russia & Caspian,Kazakhstan,171.871994,Energy,Onshore gas,Vented,2022,KZ,48,68
Russia & Caspian,Kazakhstan,85.6411972,Energy,Onshore oil,Flared,2022,KZ,48,68
Russia & Caspian,Kazakhstan,77.76779938,Energy,Onshore oil,Fugitive,2022,KZ,48,68
Russia & Caspian,Kazakhstan,1053.609985,Energy,Onshore oil,Vented,2022,KZ,48,68
Russia & Caspian,Kazakhstan,54.9390564,Energy,Other from coal,All,2022,KZ,48,68
Russia & Caspian,Kazakhstan,13.90158558,Energy,Other from oil and gas,All,2022,KZ,48,68
Russia & Caspian,Kazakhstan,77,Energy,Satellite-detected large oil and gas emissions,All,2022,KZ,48,68
Russia & Caspian,Kazakhstan,650.276123,Energy,Steam coal,All,2022,KZ,48,68
Russia & Caspian,Kazakhstan,2740.561279,Energy,Total,All,2022,KZ,48,68
Russia & Caspian,Kazakhstan,17.40706062,Other,Total,All,2019-2021,KZ,48,68
Russia & Caspian,Kazakhstan,198.9350128,Waste,Total,All,2019-2021,KZ,48,68
Russia & Caspian,Turkmenistan,304.8717651,Agriculture,Total,All,2019-2021,TM,40,60
Russia & Caspian,Turkmenistan,0.088,Energy,Bioenergy,All,2022,TM,40,60
Russia & Caspian,Turkmenistan,312.3999939,Energy,Gas pipelines and LNG facilities,Fugitive,2022,TM,40,60
Russia & Caspian,Turkmenistan,166.5720062,Energy,Gas pipelines and LNG facilities,Vented,2022,TM,40,60
Russia & Caspian,Turkmenistan,42.43690109,Energy,Offshore gas,Fugitive,2022,TM,40,60
Russia & Caspian,Turkmenistan,92.07929993,Energy,Offshore gas,Vented,2022,TM,40,60
Russia & Caspian,Turkmenistan,79.73259735,Energy,Offshore oil,Flared,2022,TM,40,60
Russia & Caspian,Turkmenistan,21.70100021,Energy,Offshore oil,Fugitive,2022,TM,40,60
Russia & Caspian,Turkmenistan,294.0079956,Energy,Offshore oil,Vented,2022,TM,40,60
Russia & Caspian,Turkmenistan,600.8790283,Energy,Onshore gas,Fugitive,2022,TM,40,60
Russia & Caspian,Turkmenistan,1303.780029,Energy,Onshore gas,Vented,2022,TM,40,60
Russia & Caspian,Turkmenistan,71.36699677,Energy,Onshore oil,Flared,2022,TM,40,60
Russia & Caspian,Turkmenistan,25.29610062,Energy,Onshore oil,Fugitive,2022,TM,40,60
Russia & Caspian,Turkmenistan,342.7149963,Energy,Onshore oil,Vented,2022,TM,40,60
Russia & Caspian,Turkmenistan,6.985953808,Energy,Other from oil and gas,All,2022,TM,40,60
Russia & Caspian,Turkmenistan,1380,Energy,Satellite-detected large oil and gas emissions,All,2022,TM,40,60
Russia & Caspian,Turkmenistan,4740.041016,Energy,Total,All,2022,TM,40,60
Russia & Caspian,Turkmenistan,1.414801121,Other,Total,All,2019-2021,TM,40,60
Russia & Caspian,Turkmenistan,48.02981186,Waste,Total,All,2019-2021,TM,40,60
Russia & Caspian,Uzbekistan,901.6826172,Agriculture,Total,All,2019-2021,UZ,41,64
Russia & Caspian,Uzbekistan,0.012,Energy,Bioenergy,All,2022,UZ,41,64
Russia & Caspian,Uzbekistan,151.1710052,Energy,Gas pipelines and LNG facilities,Fugitive,2022,UZ,41,64
Russia & Caspian,Uzbekistan,80.60440063,Energy,Gas pipelines and LNG facilities,Vented,2022,UZ,41,64
Russia & Caspian,Uzbekistan,127.3889999,Energy,Onshore gas,Fugitive,2022,UZ,41,64
Russia & Caspian,Uzbekistan,276.4079895,Energy,Onshore gas,Vented,2022,UZ,41,64
Russia & Caspian,Uzbekistan,36.35739899,Energy,Onshore oil,Flared,2022,UZ,41,64
Russia & Caspian,Uzbekistan,4.675829887,Energy,Onshore oil,Fugitive,2022,UZ,41,64
Russia & Caspian,Uzbekistan,63.34859848,Energy,Onshore oil,Vented,2022,UZ,41,64
Russia & Caspian,Uzbekistan,5.676000118,Energy,Other from coal,All,2022,UZ,41,64
Russia & Caspian,Uzbekistan,16.97391701,Energy,Other from oil and gas,All,2022,UZ,41,64
Russia & Caspian,Uzbekistan,18.29999924,Energy,Satellite-detected large oil and gas emissions,All,2022,UZ,41,64
Russia & Caspian,Uzbekistan,780.9161377,Energy,Total,All,2022,UZ,41,64
Russia & Caspian,Uzbekistan,3.845616341,Other,Total,All,2019-2021,UZ,41,64
Russia & Caspian,Uzbekistan,280.4182434,Waste,Total,All,2019-2021,UZ,41,64